{"components":{"com.analog.crosscore.addins.mcapi":{"resourceList":[],"createDate":"1348657566264","componentId":"com.analog.crosscore.addins.mcapi"},"com.analog.crosscore.ssldd.pinmux.component":{"resourceList":[],"createDate":"1348657566264","componentId":"com.analog.crosscore.ssldd.pinmux.component"},"com.analog.swmodule.Graphics2D_OGL.blackfin.lib.adsp-bf609":{"resourceList":[],"createDate":"1348720847312","componentId":"com.analog.swmodule.Graphics2D_OGL.blackfin.lib.adsp-bf609"},"com.analog.sourcegen.component.startup_ldf":{"resourceList":[],"createDate":"1348657566280","componentId":"com.analog.sourcegen.component.startup_ldf"},"com.analog.swmodule.ImageProcessingToolbox.blackfin.lib":{"resourceList":[],"createDate":"1348720847344","componentId":"com.analog.swmodule.ImageProcessingToolbox.blackfin.lib"}}}