<?xml version="1.0" standalone="no"?>
<?xml-stylesheet type="text/xsl" href="file:///C:/Analog Devices/CrossCore Embedded Studio 1.0.1/System/linker_log.xsl"?>
<DOCUMENT gen_time='Wed Apr 03 11:23:08 2013
'>
<MSG id='04C4DFA8' mid='li2050' type='Warning' suppressed=''>
<TEXT><![CDATA[Symbol '_btowc' is defined in more than one library.
        Defined in:     libio.dlb[widechar.doj]
        Redefined in:   libc.dlb[btowc.doj]
        Definition from libio.dlb[widechar.doj] will be used.]]></TEXT>
</MSG>
<MSG id='04D17EF8' mid='li2050' type='Warning' suppressed=''>
<TEXT><![CDATA[Symbol '_clearerr' is defined in more than one library.
        Defined in:     libio.dlb[clearerr.doj]
        Redefined in:   libc.dlb[clearerr.doj]
        Definition from libio.dlb[clearerr.doj] will be used.]]></TEXT>
</MSG>
<MSG id='04BF0878' mid='li2050' type='Warning' suppressed=''>
<TEXT><![CDATA[Symbol '_fclose' is defined in more than one library.
        Defined in:     libio.dlb[fclose.doj]
        Redefined in:   libc.dlb[fclose.doj]
        Definition from libio.dlb[fclose.doj] will be used.]]></TEXT>
</MSG>
<MSG id='04BF0A48' mid='li2050' type='Warning' suppressed=''>
<TEXT><![CDATA[Symbol '_feof' is defined in more than one library.
        Defined in:     libio.dlb[eof.doj]
        Redefined in:   libc.dlb[feof.doj]
        Definition from libio.dlb[eof.doj] will be used.]]></TEXT>
</MSG>
<MSG id='04BF0C18' mid='li2050' type='Warning' suppressed=''>
<TEXT><![CDATA[Symbol '_ferror' is defined in more than one library.
        Defined in:     libio.dlb[ferror.doj]
        Redefined in:   libc.dlb[ferror.doj]
        Definition from libio.dlb[ferror.doj] will be used.]]></TEXT>
</MSG>
<MSG id='04BF0DE8' mid='li2050' type='Warning' suppressed=''>
<TEXT><![CDATA[Symbol '_fflush' is defined in more than one library.
        Defined in:     libio.dlb[fflush.doj]
        Redefined in:   libc.dlb[fflush.doj]
        Definition from libio.dlb[fflush.doj] will be used.]]></TEXT>
</MSG>
<MSG id='04BF0FB8' mid='li2050' type='Warning' suppressed=''>
<TEXT><![CDATA[Symbol '_fgetc' is defined in more than one library.
        Defined in:     libio.dlb[fgetc.doj]
        Redefined in:   libc.dlb[fgetc.doj]
        Definition from libio.dlb[fgetc.doj] will be used.]]></TEXT>
</MSG>
<MSG id='04BF1188' mid='li2050' type='Warning' suppressed=''>
<TEXT><![CDATA[Symbol '_fgetpos' is defined in more than one library.
        Defined in:     libio.dlb[fgetpos.doj]
        Redefined in:   libc.dlb[fgetpos.doj]
        Definition from libio.dlb[fgetpos.doj] will be used.]]></TEXT>
</MSG>
<MSG id='04BF1358' mid='li2050' type='Warning' suppressed=''>
<TEXT><![CDATA[Symbol '_fgets' is defined in more than one library.
        Defined in:     libio.dlb[fgets.doj]
        Redefined in:   libc.dlb[fgets.doj]
        Definition from libio.dlb[fgets.doj] will be used.]]></TEXT>
</MSG>
<MSG id='04BF1528' mid='li2050' type='Warning' suppressed=''>
<TEXT><![CDATA[Symbol '_fgetwc' is defined in more than one library.
        Defined in:     libio.dlb[widechar.doj]
        Redefined in:   libc.dlb[fgetwc.doj]
        Definition from libio.dlb[widechar.doj] will be used.]]></TEXT>
</MSG>
<MSG id='04BF16F8' mid='li2050' type='Warning' suppressed=''>
<TEXT><![CDATA[Symbol '_fgetws' is defined in more than one library.
        Defined in:     libio.dlb[widechar.doj]
        Redefined in:   libc.dlb[fgetws.doj]
        Definition from libio.dlb[widechar.doj] will be used.]]></TEXT>
</MSG>
<MSG id='04D1C8D8' mid='li2050' type='Warning' suppressed=''>
<TEXT><![CDATA[Symbol '_fopen' is defined in more than one library.
        Defined in:     libio.dlb[fopen.doj]
        Redefined in:   libc.dlb[fopen.doj]
        Definition from libio.dlb[fopen.doj] will be used.]]></TEXT>
</MSG>
<MSG id='04D1CAA8' mid='li2050' type='Warning' suppressed=''>
<TEXT><![CDATA[Symbol '_fprintf' is defined in more than one library.
        Defined in:     libio.dlb[fprintf_32.doj]
        Redefined in:   libc.dlb[fprintf32.doj]
        Definition from libio.dlb[fprintf_32.doj] will be used.]]></TEXT>
</MSG>
<MSG id='04D1CC78' mid='li2050' type='Warning' suppressed=''>
<TEXT><![CDATA[Symbol '__fprintf64' is defined in more than one library.
        Defined in:     libio.dlb[fprintf_64.doj]
        Redefined in:   libc.dlb[fprintf64.doj]
        Definition from libio.dlb[fprintf_64.doj] will be used.]]></TEXT>
</MSG>
<MSG id='04D1CF98' mid='li2050' type='Warning' suppressed=''>
<TEXT><![CDATA[Symbol '_fputc' is defined in more than one library.
        Defined in:     libio.dlb[fputc.doj]
        Redefined in:   libc.dlb[fputc.doj]
        Definition from libio.dlb[fputc.doj] will be used.]]></TEXT>
</MSG>
<MSG id='04D1D088' mid='li2050' type='Warning' suppressed=''>
<TEXT><![CDATA[Symbol '_fputs' is defined in more than one library.
        Defined in:     libio.dlb[fputs.doj]
        Redefined in:   libc.dlb[fputs.doj]
        Definition from libio.dlb[fputs.doj] will be used.]]></TEXT>
</MSG>
<MSG id='04D1D258' mid='li2050' type='Warning' suppressed=''>
<TEXT><![CDATA[Symbol '_fputwc' is defined in more than one library.
        Defined in:     libio.dlb[widechar.doj]
        Redefined in:   libc.dlb[fputwc.doj]
        Definition from libio.dlb[widechar.doj] will be used.]]></TEXT>
</MSG>
<MSG id='04D10F08' mid='li2050' type='Warning' suppressed=''>
<TEXT><![CDATA[Symbol '_fputws' is defined in more than one library.
        Defined in:     libio.dlb[widechar.doj]
        Redefined in:   libc.dlb[fputws.doj]
        Definition from libio.dlb[widechar.doj] will be used.]]></TEXT>
</MSG>
<MSG id='04D10FF8' mid='li2050' type='Warning' suppressed=''>
<TEXT><![CDATA[Symbol '_fread' is defined in more than one library.
        Defined in:     libio.dlb[fread.doj]
        Redefined in:   libc.dlb[fread.doj]
        Definition from libio.dlb[fread.doj] will be used.]]></TEXT>
</MSG>
<MSG id='04D110E8' mid='li2050' type='Warning' suppressed=''>
<TEXT><![CDATA[Symbol '_freopen' is defined in more than one library.
        Defined in:     libio.dlb[freopen.doj]
        Redefined in:   libc.dlb[freopen.doj]
        Definition from libio.dlb[freopen.doj] will be used.]]></TEXT>
</MSG>
<MSG id='04D111D8' mid='li2050' type='Warning' suppressed=''>
<TEXT><![CDATA[Symbol '_fscanf' is defined in more than one library.
        Defined in:     libio.dlb[fscanf_32.doj]
        Redefined in:   libc.dlb[fscanf32.doj]
        Definition from libio.dlb[fscanf_32.doj] will be used.]]></TEXT>
</MSG>
<MSG id='04D112C8' mid='li2050' type='Warning' suppressed=''>
<TEXT><![CDATA[Symbol '__fscanf64' is defined in more than one library.
        Defined in:     libio.dlb[fscanf_64.doj]
        Redefined in:   libc.dlb[fscanf64.doj]
        Definition from libio.dlb[fscanf_64.doj] will be used.]]></TEXT>
</MSG>
<MSG id='04D113B8' mid='li2050' type='Warning' suppressed=''>
<TEXT><![CDATA[Symbol '_fseek' is defined in more than one library.
        Defined in:     libio.dlb[fseek.doj]
        Redefined in:   libc.dlb[fseek.doj]
        Definition from libio.dlb[fseek.doj] will be used.]]></TEXT>
</MSG>
<MSG id='04D114A8' mid='li2050' type='Warning' suppressed=''>
<TEXT><![CDATA[Symbol '_fsetpos' is defined in more than one library.
        Defined in:     libio.dlb[fsetpos.doj]
        Redefined in:   libc.dlb[fsetpos.doj]
        Definition from libio.dlb[fsetpos.doj] will be used.]]></TEXT>
</MSG>
<MSG id='04D11598' mid='li2050' type='Warning' suppressed=''>
<TEXT><![CDATA[Symbol '_ftell' is defined in more than one library.
        Defined in:     libio.dlb[ftell.doj]
        Redefined in:   libc.dlb[ftell.doj]
        Definition from libio.dlb[ftell.doj] will be used.]]></TEXT>
</MSG>
<MSG id='04D11688' mid='li2050' type='Warning' suppressed=''>
<TEXT><![CDATA[Symbol '_fwide' is defined in more than one library.
        Defined in:     libio.dlb[widechar.doj]
        Redefined in:   libc.dlb[fwide.doj]
        Definition from libio.dlb[widechar.doj] will be used.]]></TEXT>
</MSG>
<MSG id='04D11778' mid='li2050' type='Warning' suppressed=''>
<TEXT><![CDATA[Symbol '_fwprintf' is defined in more than one library.
        Defined in:     libio.dlb[widechar.doj]
        Redefined in:   libc.dlb[fwprintf32.doj]
        Definition from libio.dlb[widechar.doj] will be used.]]></TEXT>
</MSG>
<MSG id='04D11868' mid='li2050' type='Warning' suppressed=''>
<TEXT><![CDATA[Symbol '__fwprintf64' is defined in more than one library.
        Defined in:     libio.dlb[widechar.doj]
        Redefined in:   libc.dlb[fwprintf64.doj]
        Definition from libio.dlb[widechar.doj] will be used.]]></TEXT>
</MSG>
<MSG id='04D11958' mid='li2050' type='Warning' suppressed=''>
<TEXT><![CDATA[Symbol '_fwrite' is defined in more than one library.
        Defined in:     libio.dlb[fwrite.doj]
        Redefined in:   libc.dlb[fwrite.doj]
        Definition from libio.dlb[fwrite.doj] will be used.]]></TEXT>
</MSG>
<MSG id='04D11A48' mid='li2050' type='Warning' suppressed=''>
<TEXT><![CDATA[Symbol '_fwscanf' is defined in more than one library.
        Defined in:     libio.dlb[widechar.doj]
        Redefined in:   libc.dlb[fwscanf32.doj]
        Definition from libio.dlb[widechar.doj] will be used.]]></TEXT>
</MSG>
<MSG id='04D11B38' mid='li2050' type='Warning' suppressed=''>
<TEXT><![CDATA[Symbol '__fwscanf64' is defined in more than one library.
        Defined in:     libio.dlb[widechar.doj]
        Redefined in:   libc.dlb[fwscanf64.doj]
        Definition from libio.dlb[widechar.doj] will be used.]]></TEXT>
</MSG>
<MSG id='04D11C28' mid='li2050' type='Warning' suppressed=''>
<TEXT><![CDATA[Symbol '_getc' is defined in more than one library.
        Defined in:     libio.dlb[getc.doj]
        Redefined in:   libc.dlb[getc.doj]
        Definition from libio.dlb[getc.doj] will be used.]]></TEXT>
</MSG>
<MSG id='04D11D18' mid='li2050' type='Warning' suppressed=''>
<TEXT><![CDATA[Symbol '_getchar' is defined in more than one library.
        Defined in:     libio.dlb[getchar.doj]
        Redefined in:   libc.dlb[getchar.doj]
        Definition from libio.dlb[getchar.doj] will be used.]]></TEXT>
</MSG>
<MSG id='04D11E08' mid='li2050' type='Warning' suppressed=''>
<TEXT><![CDATA[Symbol '_gets' is defined in more than one library.
        Defined in:     libio.dlb[gets.doj]
        Redefined in:   libc.dlb[gets.doj]
        Definition from libio.dlb[gets.doj] will be used.]]></TEXT>
</MSG>
<MSG id='04D11EF8' mid='li2050' type='Warning' suppressed=''>
<TEXT><![CDATA[Symbol '_getwc' is defined in more than one library.
        Defined in:     libio.dlb[widechar.doj]
        Redefined in:   libc.dlb[getwc.doj]
        Definition from libio.dlb[widechar.doj] will be used.]]></TEXT>
</MSG>
<MSG id='04D11FE8' mid='li2050' type='Warning' suppressed=''>
<TEXT><![CDATA[Symbol '_getwchar' is defined in more than one library.
        Defined in:     libio.dlb[widechar.doj]
        Redefined in:   libc.dlb[getwchar.doj]
        Definition from libio.dlb[widechar.doj] will be used.]]></TEXT>
</MSG>
<MSG id='04D120D8' mid='li2050' type='Warning' suppressed=''>
<TEXT><![CDATA[Symbol '_mbrlen' is defined in more than one library.
        Defined in:     libio.dlb[widechar.doj]
        Redefined in:   libc.dlb[mbrlen.doj]
        Definition from libio.dlb[widechar.doj] will be used.]]></TEXT>
</MSG>
<MSG id='04D121C8' mid='li2050' type='Warning' suppressed=''>
<TEXT><![CDATA[Symbol '_mbrtowc' is defined in more than one library.
        Defined in:     libio.dlb[widechar.doj]
        Redefined in:   libc.dlb[mbrtowc.doj]
        Definition from libio.dlb[widechar.doj] will be used.]]></TEXT>
</MSG>
<MSG id='04D122B8' mid='li2050' type='Warning' suppressed=''>
<TEXT><![CDATA[Symbol '_mbsinit' is defined in more than one library.
        Defined in:     libio.dlb[widechar.doj]
        Redefined in:   libc.dlb[mbsinit.doj]
        Definition from libio.dlb[widechar.doj] will be used.]]></TEXT>
</MSG>
<MSG id='04D123A8' mid='li2050' type='Warning' suppressed=''>
<TEXT><![CDATA[Symbol '_mbsrtowcs' is defined in more than one library.
        Defined in:     libio.dlb[widechar.doj]
        Redefined in:   libc.dlb[mbsrtowc.doj]
        Definition from libio.dlb[widechar.doj] will be used.]]></TEXT>
</MSG>
<MSG id='04D12498' mid='li2050' type='Warning' suppressed=''>
<TEXT><![CDATA[Symbol '_printf' is defined in more than one library.
        Defined in:     libio.dlb[printf_32.doj]
        Redefined in:   libc.dlb[printf32.doj]
        Definition from libio.dlb[printf_32.doj] will be used.]]></TEXT>
</MSG>
<MSG id='04D12588' mid='li2050' type='Warning' suppressed=''>
<TEXT><![CDATA[Symbol '__printf64' is defined in more than one library.
        Defined in:     libio.dlb[printf_64.doj]
        Redefined in:   libc.dlb[printf64.doj]
        Definition from libio.dlb[printf_64.doj] will be used.]]></TEXT>
</MSG>
<MSG id='04D12678' mid='li2050' type='Warning' suppressed=''>
<TEXT><![CDATA[Symbol '_putc' is defined in more than one library.
        Defined in:     libio.dlb[putc.doj]
        Redefined in:   libc.dlb[putc.doj]
        Definition from libio.dlb[putc.doj] will be used.]]></TEXT>
</MSG>
<MSG id='04D12768' mid='li2050' type='Warning' suppressed=''>
<TEXT><![CDATA[Symbol '_putchar' is defined in more than one library.
        Defined in:     libio.dlb[putchar.doj]
        Redefined in:   libc.dlb[putchar.doj]
        Definition from libio.dlb[putchar.doj] will be used.]]></TEXT>
</MSG>
<MSG id='04D12858' mid='li2050' type='Warning' suppressed=''>
<TEXT><![CDATA[Symbol '_puts' is defined in more than one library.
        Defined in:     libio.dlb[puts.doj]
        Redefined in:   libc.dlb[puts.doj]
        Definition from libio.dlb[puts.doj] will be used.]]></TEXT>
</MSG>
<MSG id='04D12948' mid='li2050' type='Warning' suppressed=''>
<TEXT><![CDATA[Symbol '_putwc' is defined in more than one library.
        Defined in:     libio.dlb[widechar.doj]
        Redefined in:   libc.dlb[putwc.doj]
        Definition from libio.dlb[widechar.doj] will be used.]]></TEXT>
</MSG>
<MSG id='04D12A38' mid='li2050' type='Warning' suppressed=''>
<TEXT><![CDATA[Symbol '_putwchar' is defined in more than one library.
        Defined in:     libio.dlb[widechar.doj]
        Redefined in:   libc.dlb[putwchar.doj]
        Definition from libio.dlb[widechar.doj] will be used.]]></TEXT>
</MSG>
<MSG id='04D12B28' mid='li2050' type='Warning' suppressed=''>
<TEXT><![CDATA[Symbol '_remove' is defined in more than one library.
        Defined in:     libio.dlb[remove.doj]
        Redefined in:   libc.dlb[remove.doj]
        Definition from libio.dlb[remove.doj] will be used.]]></TEXT>
</MSG>
<MSG id='04D12C18' mid='li2050' type='Warning' suppressed=''>
<TEXT><![CDATA[Symbol '_rename' is defined in more than one library.
        Defined in:     libio.dlb[rename.doj]
        Redefined in:   libc.dlb[rename.doj]
        Definition from libio.dlb[rename.doj] will be used.]]></TEXT>
</MSG>
<MSG id='04D12D08' mid='li2050' type='Warning' suppressed=''>
<TEXT><![CDATA[Symbol '_rewind' is defined in more than one library.
        Defined in:     libio.dlb[rewind.doj]
        Redefined in:   libc.dlb[rewind.doj]
        Definition from libio.dlb[rewind.doj] will be used.]]></TEXT>
</MSG>
<MSG id='04D12DF8' mid='li2050' type='Warning' suppressed=''>
<TEXT><![CDATA[Symbol '_scanf' is defined in more than one library.
        Defined in:     libio.dlb[scanf_32.doj]
        Redefined in:   libc.dlb[scanf32.doj]
        Definition from libio.dlb[scanf_32.doj] will be used.]]></TEXT>
</MSG>
<MSG id='04D14F08' mid='li2050' type='Warning' suppressed=''>
<TEXT><![CDATA[Symbol '__scanf64' is defined in more than one library.
        Defined in:     libio.dlb[scanf_64.doj]
        Redefined in:   libc.dlb[scanf64.doj]
        Definition from libio.dlb[scanf_64.doj] will be used.]]></TEXT>
</MSG>
<MSG id='04D14FF8' mid='li2050' type='Warning' suppressed=''>
<TEXT><![CDATA[Symbol '_setbuf' is defined in more than one library.
        Defined in:     libio.dlb[setbuf.doj]
        Redefined in:   libc.dlb[setbuf.doj]
        Definition from libio.dlb[setbuf.doj] will be used.]]></TEXT>
</MSG>
<MSG id='04D150E8' mid='li2050' type='Warning' suppressed=''>
<TEXT><![CDATA[Symbol '_setvbuf' is defined in more than one library.
        Defined in:     libio.dlb[setvbuf.doj]
        Redefined in:   libc.dlb[setvbuf.doj]
        Definition from libio.dlb[setvbuf.doj] will be used.]]></TEXT>
</MSG>
<MSG id='04D151D8' mid='li2050' type='Warning' suppressed=''>
<TEXT><![CDATA[Symbol '_snprintf' is defined in more than one library.
        Defined in:     libio.dlb[snprintf_32.doj]
        Redefined in:   libc.dlb[snprintf32.doj]
        Definition from libio.dlb[snprintf_32.doj] will be used.]]></TEXT>
</MSG>
<MSG id='04D152C8' mid='li2050' type='Warning' suppressed=''>
<TEXT><![CDATA[Symbol '__snprintf64' is defined in more than one library.
        Defined in:     libio.dlb[snprintf_64.doj]
        Redefined in:   libc.dlb[snprintf64.doj]
        Definition from libio.dlb[snprintf_64.doj] will be used.]]></TEXT>
</MSG>
<MSG id='04D153B8' mid='li2050' type='Warning' suppressed=''>
<TEXT><![CDATA[Symbol '_sprintf' is defined in more than one library.
        Defined in:     libio.dlb[sprintf_32.doj]
        Redefined in:   libc.dlb[sprintf32.doj]
        Definition from libio.dlb[sprintf_32.doj] will be used.]]></TEXT>
</MSG>
<MSG id='04D154A8' mid='li2050' type='Warning' suppressed=''>
<TEXT><![CDATA[Symbol '__sprintf64' is defined in more than one library.
        Defined in:     libio.dlb[sprintf_64.doj]
        Redefined in:   libc.dlb[sprintf64.doj]
        Definition from libio.dlb[sprintf_64.doj] will be used.]]></TEXT>
</MSG>
<MSG id='04D15598' mid='li2050' type='Warning' suppressed=''>
<TEXT><![CDATA[Symbol '_sscanf' is defined in more than one library.
        Defined in:     libio.dlb[sscanf_32.doj]
        Redefined in:   libc.dlb[sscanf32.doj]
        Definition from libio.dlb[sscanf_32.doj] will be used.]]></TEXT>
</MSG>
<MSG id='04D15688' mid='li2050' type='Warning' suppressed=''>
<TEXT><![CDATA[Symbol '__sscanf64' is defined in more than one library.
        Defined in:     libio.dlb[sscanf_64.doj]
        Redefined in:   libc.dlb[sscanf64.doj]
        Definition from libio.dlb[sscanf_64.doj] will be used.]]></TEXT>
</MSG>
<MSG id='04D15778' mid='li2050' type='Warning' suppressed=''>
<TEXT><![CDATA[Symbol '_swprintf' is defined in more than one library.
        Defined in:     libio.dlb[widechar.doj]
        Redefined in:   libc.dlb[swprintf32.doj]
        Definition from libio.dlb[widechar.doj] will be used.]]></TEXT>
</MSG>
<MSG id='04D15868' mid='li2050' type='Warning' suppressed=''>
<TEXT><![CDATA[Symbol '__swprintf64' is defined in more than one library.
        Defined in:     libio.dlb[widechar.doj]
        Redefined in:   libc.dlb[swprintf64.doj]
        Definition from libio.dlb[widechar.doj] will be used.]]></TEXT>
</MSG>
<MSG id='04D15958' mid='li2050' type='Warning' suppressed=''>
<TEXT><![CDATA[Symbol '_swscanf' is defined in more than one library.
        Defined in:     libio.dlb[widechar.doj]
        Redefined in:   libc.dlb[swscanf32.doj]
        Definition from libio.dlb[widechar.doj] will be used.]]></TEXT>
</MSG>
<MSG id='04D15A48' mid='li2050' type='Warning' suppressed=''>
<TEXT><![CDATA[Symbol '__swscanf64' is defined in more than one library.
        Defined in:     libio.dlb[widechar.doj]
        Redefined in:   libc.dlb[swscanf64.doj]
        Definition from libio.dlb[widechar.doj] will be used.]]></TEXT>
</MSG>
<MSG id='04D15B38' mid='li2050' type='Warning' suppressed=''>
<TEXT><![CDATA[Symbol '_ungetc' is defined in more than one library.
        Defined in:     libio.dlb[ungetc.doj]
        Redefined in:   libc.dlb[ungetc.doj]
        Definition from libio.dlb[ungetc.doj] will be used.]]></TEXT>
</MSG>
<MSG id='04D15C28' mid='li2050' type='Warning' suppressed=''>
<TEXT><![CDATA[Symbol '_ungetwc' is defined in more than one library.
        Defined in:     libio.dlb[widechar.doj]
        Redefined in:   libc.dlb[ungetwc.doj]
        Definition from libio.dlb[widechar.doj] will be used.]]></TEXT>
</MSG>
<MSG id='04D15D18' mid='li2050' type='Warning' suppressed=''>
<TEXT><![CDATA[Symbol '_wcstod' is defined in more than one library.
        Defined in:     libio.dlb[widechar.doj]
        Redefined in:   libc.dlb[v35_wstod.doj]
        Definition from libio.dlb[widechar.doj] will be used.]]></TEXT>
</MSG>
<MSG id='04D15E08' mid='li2050' type='Warning' suppressed=''>
<TEXT><![CDATA[Symbol '_vfprintf' is defined in more than one library.
        Defined in:     libio.dlb[vfprintf_32.doj]
        Redefined in:   libc.dlb[vfprintf32.doj]
        Definition from libio.dlb[vfprintf_32.doj] will be used.]]></TEXT>
</MSG>
<MSG id='04D15EF8' mid='li2050' type='Warning' suppressed=''>
<TEXT><![CDATA[Symbol '__vfprintf64' is defined in more than one library.
        Defined in:     libio.dlb[vfprintf_64.doj]
        Redefined in:   libc.dlb[vfprintf64.doj]
        Definition from libio.dlb[vfprintf_64.doj] will be used.]]></TEXT>
</MSG>
<MSG id='04D15FE8' mid='li2050' type='Warning' suppressed=''>
<TEXT><![CDATA[Symbol '_vfwprintf' is defined in more than one library.
        Defined in:     libio.dlb[widechar.doj]
        Redefined in:   libc.dlb[vfwprint32.doj]
        Definition from libio.dlb[widechar.doj] will be used.]]></TEXT>
</MSG>
<MSG id='04D160D8' mid='li2050' type='Warning' suppressed=''>
<TEXT><![CDATA[Symbol '__vfwprintf64' is defined in more than one library.
        Defined in:     libio.dlb[widechar.doj]
        Redefined in:   libc.dlb[vfwprint64.doj]
        Definition from libio.dlb[widechar.doj] will be used.]]></TEXT>
</MSG>
<MSG id='04D161C8' mid='li2050' type='Warning' suppressed=''>
<TEXT><![CDATA[Symbol '_vprintf' is defined in more than one library.
        Defined in:     libio.dlb[vprintf_32.doj]
        Redefined in:   libc.dlb[vprintf32.doj]
        Definition from libio.dlb[vprintf_32.doj] will be used.]]></TEXT>
</MSG>
<MSG id='04D162B8' mid='li2050' type='Warning' suppressed=''>
<TEXT><![CDATA[Symbol '__vprintf64' is defined in more than one library.
        Defined in:     libio.dlb[vprintf_64.doj]
        Redefined in:   libc.dlb[vprintf64.doj]
        Definition from libio.dlb[vprintf_64.doj] will be used.]]></TEXT>
</MSG>
<MSG id='04D163A8' mid='li2050' type='Warning' suppressed=''>
<TEXT><![CDATA[Symbol '_vsnprintf' is defined in more than one library.
        Defined in:     libio.dlb[vsnprintf_32.doj]
        Redefined in:   libc.dlb[vsnprint32.doj]
        Definition from libio.dlb[vsnprintf_32.doj] will be used.]]></TEXT>
</MSG>
<MSG id='04D16498' mid='li2050' type='Warning' suppressed=''>
<TEXT><![CDATA[Symbol '__vsnprintf64' is defined in more than one library.
        Defined in:     libio.dlb[vsnprintf_64.doj]
        Redefined in:   libc.dlb[vsnprint64.doj]
        Definition from libio.dlb[vsnprintf_64.doj] will be used.]]></TEXT>
</MSG>
<MSG id='04D16588' mid='li2050' type='Warning' suppressed=''>
<TEXT><![CDATA[Symbol '_vsprintf' is defined in more than one library.
        Defined in:     libio.dlb[vsprintf_32.doj]
        Redefined in:   libc.dlb[vsprintf32.doj]
        Definition from libio.dlb[vsprintf_32.doj] will be used.]]></TEXT>
</MSG>
<MSG id='04D16678' mid='li2050' type='Warning' suppressed=''>
<TEXT><![CDATA[Symbol '__vsprintf64' is defined in more than one library.
        Defined in:     libio.dlb[vsprintf_64.doj]
        Redefined in:   libc.dlb[vsprintf64.doj]
        Definition from libio.dlb[vsprintf_64.doj] will be used.]]></TEXT>
</MSG>
<MSG id='04D16768' mid='li2050' type='Warning' suppressed=''>
<TEXT><![CDATA[Symbol '_vswprintf' is defined in more than one library.
        Defined in:     libio.dlb[widechar.doj]
        Redefined in:   libc.dlb[vswprint32.doj]
        Definition from libio.dlb[widechar.doj] will be used.]]></TEXT>
</MSG>
<MSG id='04D16858' mid='li2050' type='Warning' suppressed=''>
<TEXT><![CDATA[Symbol '__vswprintf64' is defined in more than one library.
        Defined in:     libio.dlb[widechar.doj]
        Redefined in:   libc.dlb[vswprint64.doj]
        Definition from libio.dlb[widechar.doj] will be used.]]></TEXT>
</MSG>
<MSG id='04D16948' mid='li2050' type='Warning' suppressed=''>
<TEXT><![CDATA[Symbol '_vwprintf' is defined in more than one library.
        Defined in:     libio.dlb[widechar.doj]
        Redefined in:   libc.dlb[vwprintf32.doj]
        Definition from libio.dlb[widechar.doj] will be used.]]></TEXT>
</MSG>
<MSG id='04D16A38' mid='li2050' type='Warning' suppressed=''>
<TEXT><![CDATA[Symbol '__vwprintf64' is defined in more than one library.
        Defined in:     libio.dlb[widechar.doj]
        Redefined in:   libc.dlb[vwprintf64.doj]
        Definition from libio.dlb[widechar.doj] will be used.]]></TEXT>
</MSG>
<MSG id='04D16B28' mid='li2050' type='Warning' suppressed=''>
<TEXT><![CDATA[Symbol '_wcrtomb' is defined in more than one library.
        Defined in:     libio.dlb[widechar.doj]
        Redefined in:   libc.dlb[wcrtomb.doj]
        Definition from libio.dlb[widechar.doj] will be used.]]></TEXT>
</MSG>
<MSG id='04D16C18' mid='li2050' type='Warning' suppressed=''>
<TEXT><![CDATA[Symbol '_wcscat' is defined in more than one library.
        Defined in:     libio.dlb[widechar.doj]
        Redefined in:   libc.dlb[wcscat.doj]
        Definition from libio.dlb[widechar.doj] will be used.]]></TEXT>
</MSG>
<MSG id='04D16D08' mid='li2050' type='Warning' suppressed=''>
<TEXT><![CDATA[Symbol '_wcscmp' is defined in more than one library.
        Defined in:     libio.dlb[widechar.doj]
        Redefined in:   libc.dlb[wcscmp.doj]
        Definition from libio.dlb[widechar.doj] will be used.]]></TEXT>
</MSG>
<MSG id='04D16DF8' mid='li2050' type='Warning' suppressed=''>
<TEXT><![CDATA[Symbol '_wcscoll' is defined in more than one library.
        Defined in:     libio.dlb[widechar.doj]
        Redefined in:   libc.dlb[wcscoll.doj]
        Definition from libio.dlb[widechar.doj] will be used.]]></TEXT>
</MSG>
<MSG id='04E28F28' mid='li2050' type='Warning' suppressed=''>
<TEXT><![CDATA[Symbol '_wcscpy' is defined in more than one library.
        Defined in:     libio.dlb[widechar.doj]
        Redefined in:   libc.dlb[wcscpy.doj]
        Definition from libio.dlb[widechar.doj] will be used.]]></TEXT>
</MSG>
<MSG id='04E29018' mid='li2050' type='Warning' suppressed=''>
<TEXT><![CDATA[Symbol '_wcscspn' is defined in more than one library.
        Defined in:     libio.dlb[widechar.doj]
        Redefined in:   libc.dlb[wcscspn.doj]
        Definition from libio.dlb[widechar.doj] will be used.]]></TEXT>
</MSG>
<MSG id='04E29108' mid='li2050' type='Warning' suppressed=''>
<TEXT><![CDATA[Symbol '_wcslen' is defined in more than one library.
        Defined in:     libio.dlb[widechar.doj]
        Redefined in:   libc.dlb[wcslen.doj]
        Definition from libio.dlb[widechar.doj] will be used.]]></TEXT>
</MSG>
<MSG id='04E291F8' mid='li2050' type='Warning' suppressed=''>
<TEXT><![CDATA[Symbol '_wcsncat' is defined in more than one library.
        Defined in:     libio.dlb[widechar.doj]
        Redefined in:   libc.dlb[wcsncat.doj]
        Definition from libio.dlb[widechar.doj] will be used.]]></TEXT>
</MSG>
<MSG id='04E292E8' mid='li2050' type='Warning' suppressed=''>
<TEXT><![CDATA[Symbol '_wcsncpy' is defined in more than one library.
        Defined in:     libio.dlb[widechar.doj]
        Redefined in:   libc.dlb[wcsncpy.doj]
        Definition from libio.dlb[widechar.doj] will be used.]]></TEXT>
</MSG>
<MSG id='04E293D8' mid='li2050' type='Warning' suppressed=''>
<TEXT><![CDATA[Symbol '_wcsrtombs' is defined in more than one library.
        Defined in:     libio.dlb[widechar.doj]
        Redefined in:   libc.dlb[wcsrtomb.doj]
        Definition from libio.dlb[widechar.doj] will be used.]]></TEXT>
</MSG>
<MSG id='04E294C8' mid='li2050' type='Warning' suppressed=''>
<TEXT><![CDATA[Symbol '_wcstol' is defined in more than one library.
        Defined in:     libio.dlb[widechar.doj]
        Redefined in:   libc.dlb[wcstol.doj]
        Definition from libio.dlb[widechar.doj] will be used.]]></TEXT>
</MSG>
<MSG id='04E295B8' mid='li2050' type='Warning' suppressed=''>
<TEXT><![CDATA[Symbol '_wcstoul' is defined in more than one library.
        Defined in:     libio.dlb[widechar.doj]
        Redefined in:   libc.dlb[wcstoul.doj]
        Definition from libio.dlb[widechar.doj] will be used.]]></TEXT>
</MSG>
<MSG id='04E296A8' mid='li2050' type='Warning' suppressed=''>
<TEXT><![CDATA[Symbol '_wcsxfrm' is defined in more than one library.
        Defined in:     libio.dlb[widechar.doj]
        Redefined in:   libc.dlb[wcsxfrm.doj]
        Definition from libio.dlb[widechar.doj] will be used.]]></TEXT>
</MSG>
<MSG id='04E29798' mid='li2050' type='Warning' suppressed=''>
<TEXT><![CDATA[Symbol '_wctob' is defined in more than one library.
        Defined in:     libio.dlb[widechar.doj]
        Redefined in:   libc.dlb[wctob.doj]
        Definition from libio.dlb[widechar.doj] will be used.]]></TEXT>
</MSG>
<MSG id='04E29888' mid='li2050' type='Warning' suppressed=''>
<TEXT><![CDATA[Symbol '_wmemcmp' is defined in more than one library.
        Defined in:     libio.dlb[widechar.doj]
        Redefined in:   libc.dlb[wmemcmp.doj]
        Definition from libio.dlb[widechar.doj] will be used.]]></TEXT>
</MSG>
<MSG id='04E29978' mid='li2050' type='Warning' suppressed=''>
<TEXT><![CDATA[Symbol '_wmemcpy' is defined in more than one library.
        Defined in:     libio.dlb[widechar.doj]
        Redefined in:   libc.dlb[wmemcpy.doj]
        Definition from libio.dlb[widechar.doj] will be used.]]></TEXT>
</MSG>
<MSG id='04E29A68' mid='li2050' type='Warning' suppressed=''>
<TEXT><![CDATA[Symbol '_wmemmove' is defined in more than one library.
        Defined in:     libio.dlb[widechar.doj]
        Redefined in:   libc.dlb[wmemmove.doj]
        Definition from libio.dlb[widechar.doj] will be used.]]></TEXT>
</MSG>
<MSG id='04E29B58' mid='li2050' type='Warning' suppressed=''>
<TEXT><![CDATA[Symbol '_wmemset' is defined in more than one library.
        Defined in:     libio.dlb[widechar.doj]
        Redefined in:   libc.dlb[wmemset.doj]
        Definition from libio.dlb[widechar.doj] will be used.]]></TEXT>
</MSG>
<MSG id='04E29C48' mid='li2050' type='Warning' suppressed=''>
<TEXT><![CDATA[Symbol '_wprintf' is defined in more than one library.
        Defined in:     libio.dlb[widechar.doj]
        Redefined in:   libc.dlb[wprintf32.doj]
        Definition from libio.dlb[widechar.doj] will be used.]]></TEXT>
</MSG>
<MSG id='04E29D38' mid='li2050' type='Warning' suppressed=''>
<TEXT><![CDATA[Symbol '__wprintf64' is defined in more than one library.
        Defined in:     libio.dlb[widechar.doj]
        Redefined in:   libc.dlb[wprintf64.doj]
        Definition from libio.dlb[widechar.doj] will be used.]]></TEXT>
</MSG>
<MSG id='04E29E28' mid='li2050' type='Warning' suppressed=''>
<TEXT><![CDATA[Symbol '_wscanf' is defined in more than one library.
        Defined in:     libio.dlb[widechar.doj]
        Redefined in:   libc.dlb[wscanf32.doj]
        Definition from libio.dlb[widechar.doj] will be used.]]></TEXT>
</MSG>
<MSG id='04E29F18' mid='li2050' type='Warning' suppressed=''>
<TEXT><![CDATA[Symbol '__wscanf64' is defined in more than one library.
        Defined in:     libio.dlb[widechar.doj]
        Redefined in:   libc.dlb[wscanf64.doj]
        Definition from libio.dlb[widechar.doj] will be used.]]></TEXT>
</MSG>
<MSG id='04E2A008' mid='li2050' type='Warning' suppressed=''>
<TEXT><![CDATA[Symbol '__Files' is defined in more than one library.
        Defined in:     libio.dlb[xfiles.doj]
        Redefined in:   libc.dlb[xfiles.doj]
        Definition from libio.dlb[xfiles.doj] will be used.]]></TEXT>
</MSG>
<MSG id='04E2A0F8' mid='li2050' type='Warning' suppressed=''>
<TEXT><![CDATA[Symbol '__Stderr' is defined in more than one library.
        Defined in:     libio.dlb[xfiles.doj]
        Redefined in:   libc.dlb[xfiles.doj]
        Definition from libio.dlb[xfiles.doj] will be used.]]></TEXT>
</MSG>
<MSG id='04E2A1E8' mid='li2050' type='Warning' suppressed=''>
<TEXT><![CDATA[Symbol '__Stdin' is defined in more than one library.
        Defined in:     libio.dlb[xfiles.doj]
        Redefined in:   libc.dlb[xfiles.doj]
        Definition from libio.dlb[xfiles.doj] will be used.]]></TEXT>
</MSG>
<MSG id='04E2A2D8' mid='li2050' type='Warning' suppressed=''>
<TEXT><![CDATA[Symbol '__Stdout' is defined in more than one library.
        Defined in:     libio.dlb[xfiles.doj]
        Redefined in:   libc.dlb[xfiles.doj]
        Definition from libio.dlb[xfiles.doj] will be used.]]></TEXT>
</MSG>
<MSG id='04E2A3C8' mid='li2050' type='Warning' suppressed=''>
<TEXT><![CDATA[Symbol '__sqrt_fr16' is defined in more than one library.
        Defined in:     libadi_image_tool_box_cces.dlb[math_approximations.doj]
        Redefined in:   libdsp.dlb[sqrt_fr16.doj]
        Definition from libadi_image_tool_box_cces.dlb[math_approximations.doj] will be used.]]></TEXT>
</MSG>
<MSG id='04E2A4B8' mid='li2050' type='Warning' suppressed=''>
<TEXT><![CDATA[Symbol '_raise_interrupt' is defined in more than one library.
        Defined in:     libsmall.dlb[raiseint_s.doj]
        Redefined in:   libevent.dlb[raiseint.doj]
        Definition from libsmall.dlb[raiseint_s.doj] will be used.]]></TEXT>
</MSG>
<MSG id='04E2A5A8' mid='li2050' type='Warning' suppressed=''>
<TEXT><![CDATA[Symbol '_register_handler' is defined in more than one library.
        Defined in:     libsmall.dlb[reghdlr_s.doj]
        Redefined in:   libevent.dlb[reghdlr.doj]
        Definition from libsmall.dlb[reghdlr_s.doj] will be used.]]></TEXT>
</MSG>
<MSG id='04E2AB48' mid='li3201' type='Informational' suppressed=''>
<TEXT><![CDATA[Successfully eliminated 3734511 bytes in processor 'CORE_1'
]]></TEXT>
<EXTENDED_INFO><![CDATA[Eliminated object (___eh_gdt, ___eh_gdt+0x4) of size 4 bytes from 'app_startup.doj(.gdt)'
Eliminated object (_aOverlayBuff1, ._aOverlayBuff1.end) of size 3686400 bytes from '.\Graphics.doj(overlay_section)'
Eliminated object (_DMAWithOutDMAMgrSet2DChainDescriptors, ._DMAWithOutDMAMgrSet2DChainDescriptors.end) of size 480 bytes from '.\adi_mem_move_bf609.doj(adi_appl_fast_prio0_code)'
Eliminated object (0x326,0x328) of size 2 bytes from '.\adi_mem_move_bf609.doj(adi_appl_fast_prio0_code)'
Eliminated object (0x42a,0x42c) of size 2 bytes from '.\adi_mem_move_bf609.doj(adi_appl_fast_prio0_code)'
Eliminated object (_adi_MemMoveReset, ._adi_MemMoveReset.end) of size 162 bytes from '.\adi_mem_move_bf609.doj(adi_appl_fast_prio0_code)'
Eliminated object (0x4f6,0x4f8) of size 2 bytes from '.\adi_mem_move_bf609.doj(adi_appl_fast_prio0_code)'
Eliminated object (_adi_MemMoveModifyL3InputBuffer, ._adi_MemMoveModifyL3InputBuffer.end) of size 114 bytes from '.\adi_mem_move_bf609.doj(adi_appl_fast_prio0_code)'
Eliminated object (0x56a,0x56c) of size 2 bytes from '.\adi_mem_move_bf609.doj(adi_appl_fast_prio0_code)'
Eliminated object (_adi_MemMovePartialOut, ._adi_MemMovePartialOut.end) of size 242 bytes from '.\adi_mem_move_bf609.doj(adi_appl_fast_prio0_code)'
Eliminated object (0x65e,0x660) of size 2 bytes from '.\adi_mem_move_bf609.doj(adi_appl_fast_prio0_code)'
Eliminated object (_adi_MemMovePartialIn, ._adi_MemMovePartialIn.end) of size 286 bytes from '.\adi_mem_move_bf609.doj(adi_appl_fast_prio0_code)'
Eliminated object (0x77e,0x780) of size 2 bytes from '.\adi_mem_move_bf609.doj(adi_appl_fast_prio0_code)'
Eliminated object (_adi_MemMoveOut, ._adi_MemMoveOut.end) of size 242 bytes from '.\adi_mem_move_bf609.doj(adi_appl_fast_prio0_code)'
Eliminated object (0x9b6,0x9b8) of size 2 bytes from '.\adi_mem_move_bf609.doj(adi_appl_fast_prio0_code)'
Eliminated object (_adi_MemMoveInEdge, ._adi_MemMoveInEdge.end) of size 638 bytes from '.\adi_mem_move_bf609.doj(adi_appl_fast_prio0_code)'
Eliminated object (0xc36,0xc38) of size 2 bytes from '.\adi_mem_move_bf609.doj(adi_appl_fast_prio0_code)'
Eliminated object (_adi_MemMoveValue, ._adi_MemMoveValue.end) of size 230 bytes from '.\adi_mem_move_bf609.doj(adi_appl_fast_prio0_code)'
Eliminated object (0xd1e,0xd20) of size 2 bytes from '.\adi_mem_move_bf609.doj(adi_appl_fast_prio0_code)'
Eliminated object (_adi_2DChainDesc_MemMoveInit, ._adi_2DChainDesc_MemMoveInit.end) of size 454 bytes from '.\adi_mem_move_bf609.doj(adi_appl_fast_prio0_code)'
Eliminated object (0xee6,0xee8) of size 2 bytes from '.\adi_mem_move_bf609.doj(adi_appl_fast_prio0_code)'
Eliminated object (_adi_2DChainDesc_MemMoveIn, ._adi_2DChainDesc_MemMoveIn.end) of size 262 bytes from '.\adi_mem_move_bf609.doj(adi_appl_fast_prio0_code)'
Eliminated object (0xfee,0xff0) of size 2 bytes from '.\adi_mem_move_bf609.doj(adi_appl_fast_prio0_code)'
Eliminated object (_adi_2DChainDesc_MemMoveOut, ._adi_2DChainDesc_MemMoveOut.end) of size 204 bytes from '.\adi_mem_move_bf609.doj(adi_appl_fast_prio0_code)'
Eliminated object (_adi_2DChainDesc_MemMoveCircInit, ._adi_2DChainDesc_MemMoveCircInit.end) of size 462 bytes from '.\adi_mem_move_bf609.doj(adi_appl_fast_prio0_code)'
Eliminated object (0x128a,0x128c) of size 2 bytes from '.\adi_mem_move_bf609.doj(adi_appl_fast_prio0_code)'
Eliminated object (_adi_2DChainDesc_MemMoveCircIn, ._adi_2DChainDesc_MemMoveCircIn.end) of size 214 bytes from '.\adi_mem_move_bf609.doj(adi_appl_fast_prio0_code)'
Eliminated object (0x1362,0x1364) of size 2 bytes from '.\adi_mem_move_bf609.doj(adi_appl_fast_prio0_code)'
Eliminated object (_adi_MemMoveInEdgeCirc, ._adi_MemMoveInEdgeCirc.end) of size 486 bytes from '.\adi_mem_move_bf609.doj(adi_appl_fast_prio0_code)'
Eliminated object (.epcdataadi_appl_fastb0_prio0_rw, .epcdataadi_appl_fastb0_prio0_rw.end) of size 8 bytes from '.\adi_mem_move_bf609.doj(adi_appl_fastb0_prio0_rw)'
Eliminated object (_nValueL3, _nValueL3+0x4) of size 4 bytes from '.\adi_mem_move_bf609.doj(adi_appl_slow_prio1_rw)'
Eliminated object (_aTempBuffL3, ._aTempBuffL3.end) of size 1536 bytes from '.\adi_mem_move_bf609.doj(adi_appl_slow_prio1_rw)'
Eliminated object (_adi_MemMoveModifyL3OutputBuffer, ._adi_MemMoveModifyL3OutputBuffer.end) of size 108 bytes from '.\adi_mem_move_bf609.doj(program)'
Eliminated object (_aTempBuffer2, ._aTempBuffer2.end) of size 9120 bytes from '.\adi_memory.doj(adi_appl_fastb0_prio0_rw)'
Eliminated object (_opt_buffer, _opt_buffer+0x10) of size 16 bytes from '.\color_conversion.doj(adi_fastb1_app_r)'
Eliminated object (.SWITCH.0, .SWITCH.0.end) of size 24 bytes from '.\contour_dynamic_mem_alloc.doj(constdata)'
Eliminated object (.SWITCH.1, .SWITCH.1.end) of size 36 bytes from '.\contour_dynamic_mem_alloc.doj(constdata)'
Eliminated object (_DynamicMemReset, ._DynamicMemReset.end) of size 366 bytes from '.\contour_dynamic_mem_alloc.doj(program)'
Eliminated object (_DynamicMemAlloc, ._DynamicMemAlloc.end) of size 226 bytes from '.\contour_dynamic_mem_alloc.doj(program)'
Eliminated object (_DynamicMemFree, ._DynamicMemFree.end) of size 18 bytes from '.\contour_dynamic_mem_alloc.doj(program)'
Eliminated object (_process_data, ._process_data.end) of size 38 bytes from '.\node_1.doj(program)'
Eliminated object (0x26,0x28) of size 2 bytes from '.\node_1.doj(program)'
Eliminated object (0xe2,0xe4) of size 2 bytes from '.\node_1.doj(program)'
Eliminated object (0x192,0x194) of size 2 bytes from '.\node_1.doj(program)'
Eliminated object (0x2ee,0x2f0) of size 2 bytes from '.\node_1.doj(program)'
Eliminated object (_adi_rtl_max_dispatched_index, ._adi_rtl_max_dispatched_index.end) of size 14 bytes from 'libevent.dlb[dispatched_handler_reg.doj](program)'
Eliminated object (.SWITCH.3, .SWITCH.3.end) of size 48 bytes from 'libssl.dlb[mcapi_trans.doj](constdata)'
Eliminated object (.SWITCH.7, .SWITCH.7.end) of size 20 bytes from 'libssl.dlb[mcapi_trans.doj](constdata)'
Eliminated object (.SWITCH.8, .SWITCH.8.end) of size 20 bytes from 'libssl.dlb[mcapi_trans.doj](constdata)'
Eliminated object (.SWITCH.9, .SWITCH.9.end) of size 20 bytes from 'libssl.dlb[mcapi_trans.doj](constdata)'
Eliminated object (.SWITCH.10, .SWITCH.10.end) of size 20 bytes from 'libssl.dlb[mcapi_trans.doj](constdata)'
Eliminated object (0x56,0x58) of size 2 bytes from 'libssl.dlb[mcapi_trans.doj](program)'
Eliminated object (_mcapi_endpoint_set_attribute, ._mcapi_endpoint_set_attribute.end) of size 24 bytes from 'libssl.dlb[mcapi_trans.doj](program)'
Eliminated object (0x332,0x334) of size 2 bytes from 'libssl.dlb[mcapi_trans.doj](program)'
Eliminated object (_mcapi_finalize, ._mcapi_finalize.end) of size 32 bytes from 'libssl.dlb[mcapi_trans.doj](program)'
Eliminated object (_mcapi_node_set_attribute, ._mcapi_node_set_attribute.end) of size 80 bytes from 'libssl.dlb[mcapi_trans.doj](program)'
Eliminated object (_mcapi_node_get_attribute, ._mcapi_node_get_attribute.end) of size 48 bytes from 'libssl.dlb[mcapi_trans.doj](program)'
Eliminated object (_mcapi_node_init_attributes, ._mcapi_node_init_attributes.end) of size 24 bytes from 'libssl.dlb[mcapi_trans.doj](program)'
Eliminated object (_mcapi_domain_id_get, ._mcapi_domain_id_get.end) of size 32 bytes from 'libssl.dlb[mcapi_trans.doj](program)'
Eliminated object (_mcapi_node_id_get, ._mcapi_node_id_get.end) of size 32 bytes from 'libssl.dlb[mcapi_trans.doj](program)'
Eliminated object (0x61a,0x61c) of size 2 bytes from 'libssl.dlb[mcapi_trans.doj](program)'
Eliminated object (_mcapi_endpoint_get_attribute, ._mcapi_endpoint_get_attribute.end) of size 674 bytes from 'libssl.dlb[mcapi_trans.doj](program)'
Eliminated object (_mcapi_msg_available, ._mcapi_msg_available.end) of size 86 bytes from 'libssl.dlb[mcapi_trans.doj](program)'
Eliminated object (0xb82,0xb84) of size 2 bytes from 'libssl.dlb[mcapi_trans.doj](program)'
Eliminated object (0xc76,0xc78) of size 2 bytes from 'libssl.dlb[mcapi_trans.doj](program)'
Eliminated object (0x1502,0x1504) of size 2 bytes from 'libssl.dlb[mcapi_trans.doj](program)'
Eliminated object (_mcapi_endpoint_get_i, ._mcapi_endpoint_get_i.end) of size 288 bytes from 'libssl.dlb[mcapi_trans.doj](program)'
Eliminated object (_mcapi_msg_send_i, ._mcapi_msg_send_i.end) of size 234 bytes from 'libssl.dlb[mcapi_trans.doj](program)'
Eliminated object (0x1766,0x1768) of size 2 bytes from 'libssl.dlb[mcapi_trans.doj](program)'
Eliminated object (_mcapi_msg_recv_i, ._mcapi_msg_recv_i.end) of size 184 bytes from 'libssl.dlb[mcapi_trans.doj](program)'
Eliminated object (__adi_mcapi_channel_connect_i, .__adi_mcapi_channel_connect_i.end) of size 204 bytes from 'libssl.dlb[mcapi_trans.doj](program)'
Eliminated object (__adi_mcapi_channel_open_i, .__adi_mcapi_channel_open_i.end) of size 194 bytes from 'libssl.dlb[mcapi_trans.doj](program)'
Eliminated object (0x19ae,0x19b0) of size 2 bytes from 'libssl.dlb[mcapi_trans.doj](program)'
Eliminated object (__adi_mcapi_channel_close_i, .__adi_mcapi_channel_close_i.end) of size 186 bytes from 'libssl.dlb[mcapi_trans.doj](program)'
Eliminated object (0x1a6a,0x1a6c) of size 2 bytes from 'libssl.dlb[mcapi_trans.doj](program)'
Eliminated object (__adi_mcapi_channel_available, .__adi_mcapi_channel_available.end) of size 84 bytes from 'libssl.dlb[mcapi_trans.doj](program)'
Eliminated object (_mcapi_pktchan_send_i, ._mcapi_pktchan_send_i.end) of size 182 bytes from 'libssl.dlb[mcapi_trans.doj](program)'
Eliminated object (0x1b76,0x1b78) of size 2 bytes from 'libssl.dlb[mcapi_trans.doj](program)'
Eliminated object (_mcapi_pktchan_send, ._mcapi_pktchan_send.end) of size 52 bytes from 'libssl.dlb[mcapi_trans.doj](program)'
Eliminated object (_mcapi_pktchan_recv_i, ._mcapi_pktchan_recv_i.end) of size 188 bytes from 'libssl.dlb[mcapi_trans.doj](program)'
Eliminated object (_mcapi_pktchan_recv, ._mcapi_pktchan_recv.end) of size 106 bytes from 'libssl.dlb[mcapi_trans.doj](program)'
Eliminated object (0x1cd2,0x1cd4) of size 2 bytes from 'libssl.dlb[mcapi_trans.doj](program)'
Eliminated object (_mcapi_pktchan_release, ._mcapi_pktchan_release.end) of size 76 bytes from 'libssl.dlb[mcapi_trans.doj](program)'
Eliminated object (_mcapi_pktchan_release_test, ._mcapi_pktchan_release_test.end) of size 76 bytes from 'libssl.dlb[mcapi_trans.doj](program)'
Eliminated object (_mcapi_sclchan_send_uint64, ._mcapi_sclchan_send_uint64.end) of size 98 bytes from 'libssl.dlb[mcapi_trans.doj](program)'
Eliminated object (0x1dce,0x1dd0) of size 2 bytes from 'libssl.dlb[mcapi_trans.doj](program)'
Eliminated object (_mcapi_sclchan_send_uint32, ._mcapi_sclchan_send_uint32.end) of size 110 bytes from 'libssl.dlb[mcapi_trans.doj](program)'
Eliminated object (0x1e3e,0x1e40) of size 2 bytes from 'libssl.dlb[mcapi_trans.doj](program)'
Eliminated object (_mcapi_sclchan_send_uint16, ._mcapi_sclchan_send_uint16.end) of size 112 bytes from 'libssl.dlb[mcapi_trans.doj](program)'
Eliminated object (_mcapi_sclchan_send_uint8, ._mcapi_sclchan_send_uint8.end) of size 110 bytes from 'libssl.dlb[mcapi_trans.doj](program)'
Eliminated object (0x1f1e,0x1f20) of size 2 bytes from 'libssl.dlb[mcapi_trans.doj](program)'
Eliminated object (_mcapi_sclchan_recv_uint64, ._mcapi_sclchan_recv_uint64.end) of size 106 bytes from 'libssl.dlb[mcapi_trans.doj](program)'
Eliminated object (0x1f8a,0x1f8c) of size 2 bytes from 'libssl.dlb[mcapi_trans.doj](program)'
Eliminated object (_mcapi_sclchan_recv_uint32, ._mcapi_sclchan_recv_uint32.end) of size 106 bytes from 'libssl.dlb[mcapi_trans.doj](program)'
Eliminated object (0x1ff6,0x1ff8) of size 2 bytes from 'libssl.dlb[mcapi_trans.doj](program)'
Eliminated object (_mcapi_sclchan_recv_uint16, ._mcapi_sclchan_recv_uint16.end) of size 106 bytes from 'libssl.dlb[mcapi_trans.doj](program)'
Eliminated object (0x2062,0x2064) of size 2 bytes from 'libssl.dlb[mcapi_trans.doj](program)'
Eliminated object (_mcapi_sclchan_recv_uint8, ._mcapi_sclchan_recv_uint8.end) of size 106 bytes from 'libssl.dlb[mcapi_trans.doj](program)'
Eliminated object (_mcapi_test, ._mcapi_test.end) of size 228 bytes from 'libssl.dlb[mcapi_trans.doj](program)'
Eliminated object (_mcapi_wait, ._mcapi_wait.end) of size 310 bytes from 'libssl.dlb[mcapi_trans.doj](program)'
Eliminated object (_mcapi_wait_any, ._mcapi_wait_any.end) of size 372 bytes from 'libssl.dlb[mcapi_trans.doj](program)'
Eliminated object (_mcapi_cancel, ._mcapi_cancel.end) of size 194 bytes from 'libssl.dlb[mcapi_trans.doj](program)'
Eliminated object (_adi_sec_SetCOPPeriod, ._adi_sec_SetCOPPeriod.end) of size 14 bytes from 'libssl.dlb[adi_sec.doj](program)'
Eliminated object (_adi_sec_SetSysResetDelay, ._adi_sec_SetSysResetDelay.end) of size 14 bytes from 'libssl.dlb[adi_sec.doj](program)'
Eliminated object (_adi_sec_SetFaultDelay, ._adi_sec_SetFaultDelay.end) of size 14 bytes from 'libssl.dlb[adi_sec.doj](program)'
Eliminated object (_adi_sec_SelectTriggerEvent, ._adi_sec_SelectTriggerEvent.end) of size 26 bytes from 'libssl.dlb[adi_sec.doj](program)'
Eliminated object (_adi_sec_ClearFault, ._adi_sec_ClearFault.end) of size 24 bytes from 'libssl.dlb[adi_sec.doj](program)'
Eliminated object (_adi_sec_GetFaultID, ._adi_sec_GetFaultID.end) of size 18 bytes from 'libssl.dlb[adi_sec.doj](program)'
Eliminated object (_adi_sec_EnableCOPMode, ._adi_sec_EnableCOPMode.end) of size 26 bytes from 'libssl.dlb[adi_sec.doj](program)'
Eliminated object (_adi_sec_EnableFaultInput, ._adi_sec_EnableFaultInput.end) of size 26 bytes from 'libssl.dlb[adi_sec.doj](program)'
Eliminated object (_adi_sec_EnableSystemReset, ._adi_sec_EnableSystemReset.end) of size 26 bytes from 'libssl.dlb[adi_sec.doj](program)'
Eliminated object (_adi_sec_EnableTriggerOutput, ._adi_sec_EnableTriggerOutput.end) of size 26 bytes from 'libssl.dlb[adi_sec.doj](program)'
Eliminated object (_adi_sec_EnableFaultOutput, ._adi_sec_EnableFaultOutput.end) of size 26 bytes from 'libssl.dlb[adi_sec.doj](program)'
Eliminated object (_adi_sec_EnableSFI, ._adi_sec_EnableSFI.end) of size 26 bytes from 'libssl.dlb[adi_sec.doj](program)'
Eliminated object (_adi_sec_SetPriorityLevels, ._adi_sec_SetPriorityLevels.end) of size 34 bytes from 'libssl.dlb[adi_sec.doj](program)'
Eliminated object (_adi_sec_SetUnGroupedMask, ._adi_sec_SetUnGroupedMask.end) of size 32 bytes from 'libssl.dlb[adi_sec.doj](program)'
Eliminated object (_adi_sec_SetGroupMask, ._adi_sec_SetGroupMask.end) of size 34 bytes from 'libssl.dlb[adi_sec.doj](program)'
Eliminated object (_adi_sec_SetPriorityMask, ._adi_sec_SetPriorityMask.end) of size 34 bytes from 'libssl.dlb[adi_sec.doj](program)'
Eliminated object (_adi_sec_ClearWFIStatus, ._adi_sec_ClearWFIStatus.end) of size 24 bytes from 'libssl.dlb[adi_sec.doj](program)'
Eliminated object (_adi_sec_GetWFIStatus, ._adi_sec_GetWFIStatus.end) of size 36 bytes from 'libssl.dlb[adi_sec.doj](program)'
Eliminated object (_adi_sec_WaitForIdle, ._adi_sec_WaitForIdle.end) of size 24 bytes from 'libssl.dlb[adi_sec.doj](program)'
Eliminated object (_adi_sec_ClearPendStatus, ._adi_sec_ClearPendStatus.end) of size 24 bytes from 'libssl.dlb[adi_sec.doj](program)'
Eliminated object (_adi_sec_GetSIDChannelID, ._adi_sec_GetSIDChannelID.end) of size 34 bytes from 'libssl.dlb[adi_sec.doj](program)'
Eliminated object (_adi_sec_SetSIDGrouping, ._adi_sec_SetSIDGrouping.end) of size 44 bytes from 'libssl.dlb[adi_sec.doj](program)'
Eliminated object (_adi_sec_SetPriority, ._adi_sec_SetPriority.end) of size 44 bytes from 'libssl.dlb[adi_sec.doj](program)'
Eliminated object (_adi_sec_EnableError, ._adi_sec_EnableError.end) of size 32 bytes from 'libssl.dlb[adi_sec.doj](program)'
Eliminated object (_adi_sec_EnableEdgeSense, ._adi_sec_EnableEdgeSense.end) of size 32 bytes from 'libssl.dlb[adi_sec.doj](program)'
Eliminated object (_adi_sec_EnableFault, ._adi_sec_EnableFault.end) of size 32 bytes from 'libssl.dlb[adi_sec.doj](program)'
Eliminated object (0x3d6,0x3d8) of size 2 bytes from 'libssl.dlb[adi_sec.doj](program)'
Eliminated object (_adi_sec_GetAddrError, ._adi_sec_GetAddrError.end) of size 46 bytes from 'libssl.dlb[adi_sec.doj](program)'
Eliminated object (0x406,0x408) of size 2 bytes from 'libssl.dlb[adi_sec.doj](program)'
Eliminated object (_adi_sec_GetLockWriteError, ._adi_sec_GetLockWriteError.end) of size 46 bytes from 'libssl.dlb[adi_sec.doj](program)'
Eliminated object (0x436,0x438) of size 2 bytes from 'libssl.dlb[adi_sec.doj](program)'
Eliminated object (0x56e,0x570) of size 2 bytes from 'libssl.dlb[adi_sec.doj](program)'
Eliminated object (0x63e,0x640) of size 2 bytes from 'libssl.dlb[adi_sec.doj](program)'
Eliminated object (_adi_sec_RegisterErrorHandler, ._adi_sec_RegisterErrorHandler.end) of size 62 bytes from 'libssl.dlb[adi_sec.doj](program)'
Eliminated object (0xa6,0xa8) of size 2 bytes from 'libadi_graphics2d.dlb[opengl_es.doj](adi_slow_prio0_code)'
Eliminated object (0x17a,0x17c) of size 2 bytes from 'libadi_graphics2d.dlb[opengl_es.doj](adi_slow_prio0_code)'
Eliminated object (_glDisableClientState, ._glDisableClientState.end) of size 88 bytes from 'libadi_graphics2d.dlb[opengl_es.doj](adi_slow_prio0_code)'
Eliminated object (_glDisable, ._glDisable.end) of size 176 bytes from 'libadi_graphics2d.dlb[opengl_es.doj](adi_slow_prio0_code)'
Eliminated object (_GL_ADI_curve_widthx, ._GL_ADI_curve_widthx.end) of size 64 bytes from 'libadi_graphics2d.dlb[opengl_es.doj](adi_slow_prio0_code)'
Eliminated object (_glClearColorx, ._glClearColorx.end) of size 44 bytes from 'libadi_graphics2d.dlb[opengl_es.doj](adi_slow_prio0_code)'
Eliminated object (_glClear, ._glClear.end) of size 152 bytes from 'libadi_graphics2d.dlb[opengl_es.doj](adi_slow_prio0_code)'
Eliminated object (_glBlendFunc, ._glBlendFunc.end) of size 46 bytes from 'libadi_graphics2d.dlb[opengl_es.doj](adi_slow_prio0_code)'
Eliminated object (0x69a,0x69c) of size 2 bytes from 'libadi_graphics2d.dlb[opengl_es.doj](adi_slow_prio0_code)'
Eliminated object (0xa0a,0xa0c) of size 2 bytes from 'libadi_graphics2d.dlb[opengl_es.doj](adi_slow_prio0_code)'
Eliminated object (_GL_ADI_copy_overlay, ._GL_ADI_copy_overlay.end) of size 596 bytes from 'libadi_graphics2d.dlb[opengl_es.doj](adi_slow_prio0_code)'
Eliminated object (_GL_ADI_clear_pixels, ._GL_ADI_clear_pixels.end) of size 334 bytes from 'libadi_graphics2d.dlb[opengl_es.doj](adi_slow_prio0_code)'
Eliminated object (0xdae,0xdb0) of size 2 bytes from 'libadi_graphics2d.dlb[opengl_es.doj](adi_slow_prio0_code)'
Eliminated object (_glReadPixels, ._glReadPixels.end) of size 150 bytes from 'libadi_graphics2d.dlb[opengl_es.doj](adi_slow_prio0_code)'
Eliminated object (0xe46,0xe48) of size 2 bytes from 'libadi_graphics2d.dlb[opengl_es.doj](adi_slow_prio0_code)'
Eliminated object (_GL_ADI_clear_primitive, ._GL_ADI_clear_primitive.end) of size 2504 bytes from 'libadi_graphics2d.dlb[opengl_es.doj](adi_slow_prio0_code)'
Eliminated object (.xAARCXXX, .xAARCXXX.end) of size 48 bytes from 'libadi_graphics2d.dlb[opengl_es.doj](constdata)'
Eliminated object (0x6a,0x6c) of size 2 bytes from 'libadi_graphics2d.dlb[glut_implementation.doj](adi_slow_prio0_code)'
Eliminated object (0xba,0xbc) of size 2 bytes from 'libadi_graphics2d.dlb[glut_implementation.doj](adi_slow_prio0_code)'
Eliminated object (_glutDisplayFunc, ._glutDisplayFunc.end) of size 92 bytes from 'libadi_graphics2d.dlb[glut_implementation.doj](adi_slow_prio0_code)'
Eliminated object (_glutMainLoop, ._glutMainLoop.end) of size 100 bytes from 'libadi_graphics2d.dlb[glut_implementation.doj](adi_slow_prio0_code)'
Eliminated object (_glutBitmapCharacter, ._glutBitmapCharacter.end) of size 776 bytes from 'libadi_graphics2d.dlb[glut_implementation.doj](adi_slow_prio0_code)'
Eliminated object (_glutBitmapWidth, ._glutBitmapWidth.end) of size 186 bytes from 'libadi_graphics2d.dlb[glut_implementation.doj](adi_slow_prio0_code)'
Eliminated object (0x612,0x614) of size 2 bytes from 'libadi_graphics2d.dlb[glut_implementation.doj](adi_slow_prio0_code)'
Eliminated object (xAAFTXXXXXXXXXXXXXXXXXXXX, .xAAFTXXXXXXXXXXXXXXXXXXXX.end) of size 784 bytes from 'libadi_graphics2d.dlb[glut_implementation.doj](adi_slow_prio0_code)'
Eliminated object (_GLUT_ADI_clear_string, ._GLUT_ADI_clear_string.end) of size 1004 bytes from 'libadi_graphics2d.dlb[glut_implementation.doj](adi_slow_prio0_code)'
Eliminated object (_GLUT_ADI_set_draw_overlay, ._GLUT_ADI_set_draw_overlay.end) of size 152 bytes from 'libadi_graphics2d.dlb[glut_implementation.doj](adi_slow_prio0_code)'
Eliminated object (_GLUT_ADI_get_draw_overlay, ._GLUT_ADI_get_draw_overlay.end) of size 66 bytes from 'libadi_graphics2d.dlb[glut_implementation.doj](adi_slow_prio0_code)'
Eliminated object (0x1206,0x1208) of size 2 bytes from 'libadi_graphics2d.dlb[glut_implementation.doj](adi_slow_prio0_code)'
Eliminated object (_GLUT_ADI_set_disp_overlay, ._GLUT_ADI_set_disp_overlay.end) of size 106 bytes from 'libadi_graphics2d.dlb[glut_implementation.doj](adi_slow_prio0_code)'
Eliminated object (0x1272,0x1274) of size 2 bytes from 'libadi_graphics2d.dlb[glut_implementation.doj](adi_slow_prio0_code)'
Eliminated object (_GLUT_ADI_get_disp_overlay, ._GLUT_ADI_get_disp_overlay.end) of size 66 bytes from 'libadi_graphics2d.dlb[glut_implementation.doj](adi_slow_prio0_code)'
Eliminated object (_adi_dma_GetCurrentYCount, ._adi_dma_GetCurrentYCount.end) of size 14 bytes from 'libssl.dlb[adi_dma.doj](program)'
Eliminated object (_adi_dma_GetCurrentXCount, ._adi_dma_GetCurrentXCount.end) of size 14 bytes from 'libssl.dlb[adi_dma.doj](program)'
Eliminated object (_adi_dma_GetCurrentAddr, ._adi_dma_GetCurrentAddr.end) of size 14 bytes from 'libssl.dlb[adi_dma.doj](program)'
Eliminated object (_adi_dma_GetCurrentDesc, ._adi_dma_GetCurrentDesc.end) of size 14 bytes from 'libssl.dlb[adi_dma.doj](program)'
Eliminated object (0x56,0x58) of size 2 bytes from 'libssl.dlb[adi_dma.doj](program)'
Eliminated object (_adi_mdma_IsCopyInProgress, ._adi_mdma_IsCopyInProgress.end) of size 16 bytes from 'libssl.dlb[adi_dma.doj](program)'
Eliminated object (_MDmaListXferLoadDmaRegs, ._MDmaListXferLoadDmaRegs.end) of size 112 bytes from 'libssl.dlb[adi_dma.doj](program)'
Eliminated object (_MoveStandbyToActive, ._MoveStandbyToActive.end) of size 32 bytes from 'libssl.dlb[adi_dma.doj](program)'
Eliminated object (_MDmaEnableArrayXfer, ._MDmaEnableArrayXfer.end) of size 64 bytes from 'libssl.dlb[adi_dma.doj](program)'
Eliminated object (_DisableSrcListInt, ._DisableSrcListInt.end) of size 36 bytes from 'libssl.dlb[adi_dma.doj](program)'
Eliminated object (_AddToChain, ._AddToChain.end) of size 26 bytes from 'libssl.dlb[adi_dma.doj](program)'
Eliminated object (_IsLastInList, ._IsLastInList.end) of size 34 bytes from 'libssl.dlb[adi_dma.doj](program)'
Eliminated object (_PrepareDestListDesc, ._PrepareDestListDesc.end) of size 66 bytes from 'libssl.dlb[adi_dma.doj](program)'
Eliminated object (_PrepareSrcListDesc, ._PrepareSrcListDesc.end) of size 104 bytes from 'libssl.dlb[adi_dma.doj](program)'
Eliminated object (_adi_pdma_GetSID, ._adi_pdma_GetSID.end) of size 30 bytes from 'libssl.dlb[adi_dma.doj](program)'
Eliminated object (_adi_pdma_EnableXfer, ._adi_pdma_EnableXfer.end) of size 60 bytes from 'libssl.dlb[adi_dma.doj](program)'
Eliminated object (_adi_pdma_SetPSize, ._adi_pdma_SetPSize.end) of size 46 bytes from 'libssl.dlb[adi_dma.doj](program)'
Eliminated object (_adi_pdma_SetMSize, ._adi_pdma_SetMSize.end) of size 48 bytes from 'libssl.dlb[adi_dma.doj](program)'
Eliminated object (_adi_pdma_SetPeripheralReqFwd, ._adi_pdma_SetPeripheralReqFwd.end) of size 22 bytes from 'libssl.dlb[adi_dma.doj](program)'
Eliminated object (_adi_pdma_SetPeripheralIntFwd, ._adi_pdma_SetPeripheralIntFwd.end) of size 4 bytes from 'libssl.dlb[adi_dma.doj](program)'
Eliminated object (_adi_pdma_SetSync, ._adi_pdma_SetSync.end) of size 38 bytes from 'libssl.dlb[adi_dma.doj](program)'
Eliminated object (_adi_pdma_EnableBufferRepeat, ._adi_pdma_EnableBufferRepeat.end) of size 26 bytes from 'libssl.dlb[adi_dma.doj](program)'
Eliminated object (_adi_pdma_EnableStreaming, ._adi_pdma_EnableStreaming.end) of size 12 bytes from 'libssl.dlb[adi_dma.doj](program)'
Eliminated object (_PDmaCircXferIntHandler, ._PDmaCircXferIntHandler.end) of size 106 bytes from 'libssl.dlb[adi_dma.doj](program)'
Eliminated object (_ResetPDmaWorkUnit, ._ResetPDmaWorkUnit.end) of size 26 bytes from 'libssl.dlb[adi_dma.doj](program)'
Eliminated object (_ResetPDmaChannel, ._ResetPDmaChannel.end) of size 74 bytes from 'libssl.dlb[adi_dma.doj](program)'
Eliminated object (0x5f2,0x5f4) of size 2 bytes from 'libssl.dlb[adi_dma.doj](program)'
Eliminated object (_LoadAsCircDescWorkUnit, ._LoadAsCircDescWorkUnit.end) of size 202 bytes from 'libssl.dlb[adi_dma.doj](program)'
Eliminated object (0x6be,0x6c0) of size 2 bytes from 'libssl.dlb[adi_dma.doj](program)'
Eliminated object (_LoadPDmaRegsWithWorkUnit, ._LoadPDmaRegsWithWorkUnit.end) of size 156 bytes from 'libssl.dlb[adi_dma.doj](program)'
Eliminated object (_LoadAsListDescWorkUnit, ._LoadAsListDescWorkUnit.end) of size 350 bytes from 'libssl.dlb[adi_dma.doj](program)'
Eliminated object (0x8ba,0x8bc) of size 2 bytes from 'libssl.dlb[adi_dma.doj](program)'
Eliminated object (_PDmaEnableListXfer, ._PDmaEnableListXfer.end) of size 150 bytes from 'libssl.dlb[adi_dma.doj](program)'
Eliminated object (0x952,0x954) of size 2 bytes from 'libssl.dlb[adi_dma.doj](program)'
Eliminated object (_PDmaEnableCircOneShotXfer, ._PDmaEnableCircOneShotXfer.end) of size 134 bytes from 'libssl.dlb[adi_dma.doj](program)'
Eliminated object (_PDmaOneShotListXferIntHandler, ._PDmaOneShotListXferIntHandler.end) of size 154 bytes from 'libssl.dlb[adi_dma.doj](program)'
Eliminated object (_adi_pdma_DisableXfer, ._adi_pdma_DisableXfer.end) of size 74 bytes from 'libssl.dlb[adi_dma.doj](program)'
Eliminated object (0xabe,0xac0) of size 2 bytes from 'libssl.dlb[adi_dma.doj](program)'
Eliminated object (_adi_pdma_PeripheralWrite, ._adi_pdma_PeripheralWrite.end) of size 32 bytes from 'libssl.dlb[adi_dma.doj](program)'
Eliminated object (_adi_pdma_PeripheralRead, ._adi_pdma_PeripheralRead.end) of size 32 bytes from 'libssl.dlb[adi_dma.doj](program)'
Eliminated object (_adi_pdma_UpdateDescriptor, ._adi_pdma_UpdateDescriptor.end) of size 90 bytes from 'libssl.dlb[adi_dma.doj](program)'
Eliminated object (_adi_pdma_PeripheralCircWrite, ._adi_pdma_PeripheralCircWrite.end) of size 40 bytes from 'libssl.dlb[adi_dma.doj](program)'
Eliminated object (_adi_pdma_PeripheralCircRead, ._adi_pdma_PeripheralCircRead.end) of size 40 bytes from 'libssl.dlb[adi_dma.doj](program)'
Eliminated object (_InitForListMode, ._InitForListMode.end) of size 42 bytes from 'libssl.dlb[adi_dma.doj](program)'
Eliminated object (_MDmaEnableListDescXfer, ._MDmaEnableListDescXfer.end) of size 64 bytes from 'libssl.dlb[adi_dma.doj](program)'
Eliminated object (_MDmaPrepareArray1D, ._MDmaPrepareArray1D.end) of size 180 bytes from 'libssl.dlb[adi_dma.doj](program)'
Eliminated object (_MDmaPrepareArray2D, ._MDmaPrepareArray2D.end) of size 184 bytes from 'libssl.dlb[adi_dma.doj](program)'
Eliminated object (_MDmaListDescXferIntHandler, ._MDmaListDescXferIntHandler.end) of size 212 bytes from 'libssl.dlb[adi_dma.doj](program)'
Eliminated object (_MDmaArrayXferIntHandler, ._MDmaArrayXferIntHandler.end) of size 48 bytes from 'libssl.dlb[adi_dma.doj](program)'
Eliminated object (_adi_mdma_CopyCircular1D, ._adi_mdma_CopyCircular1D.end) of size 206 bytes from 'libssl.dlb[adi_dma.doj](program)'
Eliminated object (_adi_mdma_Copy2D, ._adi_mdma_Copy2D.end) of size 154 bytes from 'libssl.dlb[adi_dma.doj](program)'
Eliminated object (0x131a,0x131c) of size 2 bytes from 'libssl.dlb[adi_dma.doj](program)'
Eliminated object (_adi_mdma_CopyQueueList, ._adi_mdma_CopyQueueList.end) of size 228 bytes from 'libssl.dlb[adi_dma.doj](program)'
Eliminated object (_adi_mdma_Copy1DArray, ._adi_mdma_Copy1DArray.end) of size 114 bytes from 'libssl.dlb[adi_dma.doj](program)'
Eliminated object (0x1472,0x1474) of size 2 bytes from 'libssl.dlb[adi_dma.doj](program)'
Eliminated object (_adi_mdma_Copy2DArray, ._adi_mdma_Copy2DArray.end) of size 114 bytes from 'libssl.dlb[adi_dma.doj](program)'
Eliminated object (0x14e6,0x14e8) of size 2 bytes from 'libssl.dlb[adi_dma.doj](program)'
Eliminated object (0x157e,0x1580) of size 2 bytes from 'libssl.dlb[adi_dma.doj](program)'
Eliminated object (_adi_pdma_Open, ._adi_pdma_Open.end) of size 238 bytes from 'libssl.dlb[adi_dma.doj](program)'
Eliminated object (_UninstallDmaErrorHandler, ._UninstallDmaErrorHandler.end) of size 88 bytes from 'libssl.dlb[adi_dma.doj](program)'
Eliminated object (_adi_pdma_Close, ._adi_pdma_Close.end) of size 156 bytes from 'libssl.dlb[adi_dma.doj](program)'
Eliminated object (_adi_mdma_Close, ._adi_mdma_Close.end) of size 194 bytes from 'libssl.dlb[adi_dma.doj](program)'
Eliminated object (VAAA, .VAAA.end) of size 8 bytes from 'libadi_image_tool_box_cces.dlb[contours.doj](adi_fast_prio0_code)'
Eliminated object (VABAYXXXXXXXXXXXXXXXXXXXXXXXXXX, .VABAYXXXXXXXXXXXXXXXXXXXXXXXXXX.end) of size 156 bytes from 'libadi_image_tool_box_cces.dlb[contours.doj](adi_fast_prio0_code)'
Eliminated object (VABBAXXXXXXXXXXXXXXXXXXXXXXXXXX, .VABBAXXXXXXXXXXXXXXXXXXXXXXXXXX.end) of size 168 bytes from 'libadi_image_tool_box_cces.dlb[contours.doj](adi_fast_prio0_code)'
Eliminated object (VABAXXXXXXXXXXXXXXXXXXX, .VABAXXXXXXXXXXXXXXXXXXX.end) of size 154 bytes from 'libadi_image_tool_box_cces.dlb[contours.doj](adi_fast_prio0_code)'
Eliminated object (VABAZXXXXXXXXXXXXXXXXXX, .VABAZXXXXXXXXXXXXXXXXXX.end) of size 172 bytes from 'libadi_image_tool_box_cces.dlb[contours.doj](adi_fast_prio0_code)'
Eliminated object (VABAUXXXXXXXXXXXXXXXXXXXXXXX, .VABAUXXXXXXXXXXXXXXXXXXXXXXX.end) of size 82 bytes from 'libadi_image_tool_box_cces.dlb[contours.doj](adi_fast_prio0_code)'
Eliminated object (VABATXXXXXXXXXXXXXXXXXXXXXX, .VABATXXXXXXXXXXXXXXXXXXXXXX.end) of size 82 bytes from 'libadi_image_tool_box_cces.dlb[contours.doj](adi_fast_prio0_code)'
Eliminated object (0x336,0x338) of size 2 bytes from 'libadi_image_tool_box_cces.dlb[contours.doj](adi_fast_prio0_code)'
Eliminated object (VABBEXXXXXXXXXXXXX, .VABBEXXXXXXXXXXXXX.end) of size 650 bytes from 'libadi_image_tool_box_cces.dlb[contours.doj](adi_fast_prio0_code)'
Eliminated object (VABBNXXXXXXXXXXXXXXX, .VABBNXXXXXXXXXXXXXXX.end) of size 18 bytes from 'libadi_image_tool_box_cces.dlb[contours.doj](adi_fast_prio0_code)'
Eliminated object (_adi_contour_ContourAreaApprox, ._adi_contour_ContourAreaApprox.end) of size 64 bytes from 'libadi_image_tool_box_cces.dlb[contours.doj](adi_fast_prio0_code)'
Eliminated object (_adi_contour_SegmentArea, ._adi_contour_SegmentArea.end) of size 52 bytes from 'libadi_image_tool_box_cces.dlb[contours.doj](adi_fast_prio0_code)'
Eliminated object (_adi_contour_moments_hu, ._adi_contour_moments_hu.end) of size 980 bytes from 'libadi_image_tool_box_cces.dlb[contours.doj](adi_fast_prio0_code)'
Eliminated object (_adi_contour_moments_central, ._adi_contour_moments_central.end) of size 308 bytes from 'libadi_image_tool_box_cces.dlb[contours.doj](adi_fast_prio0_code)'
Eliminated object (_adi_contour_moments_spatial, ._adi_contour_moments_spatial.end) of size 250 bytes from 'libadi_image_tool_box_cces.dlb[contours.doj](adi_fast_prio0_code)'
Eliminated object (0xda6,0xda8) of size 2 bytes from 'libadi_image_tool_box_cces.dlb[contours.doj](adi_fast_prio0_code)'
Eliminated object (_adi_contour_chain_vertex, ._adi_contour_chain_vertex.end) of size 214 bytes from 'libadi_image_tool_box_cces.dlb[contours.doj](adi_fast_prio0_code)'
Eliminated object (0xe7e,0xe80) of size 2 bytes from 'libadi_image_tool_box_cces.dlb[contours.doj](adi_fast_prio0_code)'
Eliminated object (_adi_contour_freemanchain_approx, ._adi_contour_freemanchain_approx.end) of size 370 bytes from 'libadi_image_tool_box_cces.dlb[contours.doj](adi_fast_prio0_code)'
Eliminated object (0xff2,0xff4) of size 2 bytes from 'libadi_image_tool_box_cces.dlb[contours.doj](adi_fast_prio0_code)'
Eliminated object (_adi_contour_freemanchain, ._adi_contour_freemanchain.end) of size 254 bytes from 'libadi_image_tool_box_cces.dlb[contours.doj](adi_fast_prio0_code)'
Eliminated object (_adi_contour_ArcLenDiagonal, ._adi_contour_ArcLenDiagonal.end) of size 266 bytes from 'libadi_image_tool_box_cces.dlb[contours.doj](adi_fast_prio0_code)'
Eliminated object (_adi_contour_moments_cent_norm, ._adi_contour_moments_cent_norm.end) of size 182 bytes from 'libadi_image_tool_box_cces.dlb[contours.doj](adi_fast_prio0_code)'
Eliminated object (0x13aa,0x13ac) of size 2 bytes from 'libadi_image_tool_box_cces.dlb[contours.doj](adi_fast_prio0_code)'
Eliminated object (0x14da,0x14dc) of size 2 bytes from 'libadi_image_tool_box_cces.dlb[contours.doj](adi_fast_prio0_code)'
Eliminated object (0x17da,0x17dc) of size 2 bytes from 'libadi_image_tool_box_cces.dlb[contours.doj](adi_fast_prio0_code)'
Eliminated object (VABBJXXXXXXXXXXXXXX, .VABBJXXXXXXXXXXXXXX.end) of size 66 bytes from 'libadi_image_tool_box_cces.dlb[contours.doj](adi_fast_prio0_code)'
Eliminated object (0x199a,0x199c) of size 2 bytes from 'libadi_image_tool_box_cces.dlb[contours.doj](adi_fast_prio0_code)'
Eliminated object (VABBKXXXXXXX, .VABBKXXXXXXX.end) of size 68 bytes from 'libadi_image_tool_box_cces.dlb[contours.doj](adi_fast_prio0_code)'
Eliminated object (VABBLXXXXXXXXXXXXXXX, .VABBLXXXXXXXXXXXXXXX.end) of size 76 bytes from 'libadi_image_tool_box_cces.dlb[contours.doj](adi_fast_prio0_code)'
Eliminated object (VABBIXXXXXXXXXXXXXXXXXXXXXXX, .VABBIXXXXXXXXXXXXXXXXXXXXXXX.end) of size 126 bytes from 'libadi_image_tool_box_cces.dlb[contours.doj](adi_fast_prio0_code)'
Eliminated object (VABBCXXXXXXXXXXXXXX, .VABBCXXXXXXXXXXXXXX.end) of size 1282 bytes from 'libadi_image_tool_box_cces.dlb[contours.doj](adi_fast_prio0_code)'
Eliminated object (VABBBXXXXXXXXXXXXXX, .VABBBXXXXXXXXXXXXXX.end) of size 1070 bytes from 'libadi_image_tool_box_cces.dlb[contours.doj](adi_fast_prio0_code)'
Eliminated object (0x23da,0x23dc) of size 2 bytes from 'libadi_image_tool_box_cces.dlb[contours.doj](adi_fast_prio0_code)'
Eliminated object (_adi_contour_TraceContour, ._adi_contour_TraceContour.end) of size 150 bytes from 'libadi_image_tool_box_cces.dlb[contours.doj](adi_fast_prio0_code)'
Eliminated object (.VABBQXXXXXXXXXXXXXXXXXXXX, .VABBQXXXXXXXXXXXXXXXXXXXX.end) of size 9 bytes from 'libadi_image_tool_box_cces.dlb[contours.doj](adi_fastb1_prio0_r)'
Eliminated object (VABBHXXXXXXXXXXXXXXXXXXXXX, .VABBHXXXXXXXXXXXXXXXXXXXXX.end) of size 16 bytes from 'libadi_image_tool_box_cces.dlb[contours.doj](constdata)'
Eliminated object (___rem32, .___rem32.end) of size 122 bytes from 'libcc.dlb[rem_s32.doj](program)'
Eliminated object (___page_prefix_table, .___page_prefix_table.end) of size 32 bytes from 'libevent.dlb[cplbmgr.doj](cplb_data)'
Eliminated object (___dcplb_preference, .___dcplb_preference.end) of size 12 bytes from 'libevent.dlb[cplbmgr.doj](cplb_data)'
Eliminated object (_register_handler, ._register_handler.end) of size 16 bytes from 'libsmall.dlb[reghdlr_s.doj](program)'
Eliminated object (0xa6,0xa8) of size 2 bytes from 'libosal_noos.dlb[adi_osal_arch_c.doj](program)'
Eliminated object (__adi_osal_MemAlloc, .__adi_osal_MemAlloc.end) of size 80 bytes from 'libosal_noos.dlb[adi_osal_arch_c.doj](program)'
Eliminated object (__adi_osal_MemFree, .__adi_osal_MemFree.end) of size 32 bytes from 'libosal_noos.dlb[adi_osal_arch_c.doj](program)'
Eliminated object (0x226,0x228) of size 2 bytes from 'libosal_noos.dlb[adi_osal_arch_c.doj](program)'
Eliminated object (0x23e,0x240) of size 2 bytes from 'libosal_noos.dlb[adi_osal_arch_c.doj](program)'
Eliminated object (_adi_osal_DeactivateHandler, ._adi_osal_DeactivateHandler.end) of size 22 bytes from 'libosal_noos.dlb[adi_osal_arch_c.doj](program)'
Eliminated object (0x256,0x258) of size 2 bytes from 'libosal_noos.dlb[adi_osal_arch_c.doj](program)'
Eliminated object (_adi_osal_EventGroupGetObjSize, ._adi_osal_EventGroupGetObjSize.end) of size 4 bytes from 'libosal_noos.dlb[adi_osal_noos_event.doj](program)'
Eliminated object (0x7a,0x7c) of size 2 bytes from 'libosal_noos.dlb[adi_osal_noos_event.doj](program)'
Eliminated object (_adi_osal_EventGroupCreate, ._adi_osal_EventGroupCreate.end) of size 86 bytes from 'libosal_noos.dlb[adi_osal_noos_event.doj](program)'
Eliminated object (0xd2,0xd4) of size 2 bytes from 'libosal_noos.dlb[adi_osal_noos_event.doj](program)'
Eliminated object (_adi_osal_EventGroupDestroyStatic, ._adi_osal_EventGroupDestroyStatic.end) of size 22 bytes from 'libosal_noos.dlb[adi_osal_noos_event.doj](program)'
Eliminated object (0xea,0xec) of size 2 bytes from 'libosal_noos.dlb[adi_osal_noos_event.doj](program)'
Eliminated object (_adi_osal_EventGroupDestroy, ._adi_osal_EventGroupDestroy.end) of size 62 bytes from 'libosal_noos.dlb[adi_osal_noos_event.doj](program)'
Eliminated object (__adi_mcapi_releaseRequest, .__adi_mcapi_releaseRequest.end) of size 42 bytes from 'libssl.dlb[Endpoint.doj](program)'
Eliminated object (__adi_mcapi_lookupRequest, .__adi_mcapi_lookupRequest.end) of size 50 bytes from 'libssl.dlb[Endpoint.doj](program)'
Eliminated object (__adi_mcapi_tryCancelRequest, .__adi_mcapi_tryCancelRequest.end) of size 98 bytes from 'libssl.dlb[Endpoint.doj](program)'
Eliminated object (__adi_mcapi_isLocalEndpointID, .__adi_mcapi_isLocalEndpointID.end) of size 48 bytes from 'libssl.dlb[Endpoint.doj](program)'
Eliminated object (0x1c6,0x1c8) of size 2 bytes from 'libssl.dlb[Endpoint.doj](program)'
Eliminated object (0x4e2,0x4e4) of size 2 bytes from 'libssl.dlb[Endpoint.doj](program)'
Eliminated object (0x656,0x658) of size 2 bytes from 'libssl.dlb[Endpoint.doj](program)'
Eliminated object (0x7f6,0x7f8) of size 2 bytes from 'libssl.dlb[Endpoint.doj](program)'
Eliminated object (__adi_mcapi_queueCount, .__adi_mcapi_queueCount.end) of size 22 bytes from 'libssl.dlb[Endpoint.doj](program)'
Eliminated object (__adi_mcapi_allocRequest, .__adi_mcapi_allocRequest.end) of size 110 bytes from 'libssl.dlb[Endpoint.doj](program)'
Eliminated object (0xa36,0xa38) of size 2 bytes from 'libssl.dlb[Endpoint.doj](program)'
Eliminated object (__adi_mcapi_findRequest, .__adi_mcapi_findRequest.end) of size 66 bytes from 'libssl.dlb[Endpoint.doj](program)'
Eliminated object (0xa7a,0xa7c) of size 2 bytes from 'libssl.dlb[Endpoint.doj](program)'
Eliminated object (__adi_mcapi_searchReqsForBuffer, .__adi_mcapi_searchReqsForBuffer.end) of size 114 bytes from 'libssl.dlb[Endpoint.doj](program)'
Eliminated object (__adi_mcapi_getNumFreeIntBuffs, .__adi_mcapi_getNumFreeIntBuffs.end) of size 12 bytes from 'libssl.dlb[RemoteICC.doj](program)'
Eliminated object (0x572,0x574) of size 2 bytes from 'libssl.dlb[RemoteICC.doj](program)'
Eliminated object (0xaa,0xac) of size 2 bytes from 'libssl.dlb[adi_int.doj](program)'
Eliminated object (_adi_int_EnableInt, ._adi_int_EnableInt.end) of size 94 bytes from 'libssl.dlb[adi_int.doj](program)'
Eliminated object (xAAGRXXXXXXXXXXXXXXXX, .xAAGRXXXXXXXXXXXXXXXX.end) of size 44 bytes from 'libadi_graphics2d.dlb[gfxeng_font.doj](adi_fast_prio1_code)'
Eliminated object (xAAGQXXXXXXXXXXXXXXXX, .xAAGQXXXXXXXXXXXXXXXX.end) of size 114 bytes from 'libadi_graphics2d.dlb[gfxeng_font.doj](adi_fast_prio1_code)'
Eliminated object (xAAGPXXXXXXXXXXXXXXX, .xAAGPXXXXXXXXXXXXXXX.end) of size 268 bytes from 'libadi_graphics2d.dlb[gfxeng_font.doj](adi_fast_prio1_code)'
Eliminated object (_fputc, ._fputc.end) of size 14 bytes from 'libio.dlb[fputc.doj](program)'
Eliminated object (0x62,0x68) of size 6 bytes from 'libadi_graphics2d.dlb[gfx_blnd_ovly.doj](adi_fast_prio0_code)'
Eliminated object (0xe2,0xe8) of size 6 bytes from 'libadi_graphics2d.dlb[gfx_blnd_ovly.doj](adi_fast_prio0_code)'
Eliminated object (xAAALXXXXXXX, xAAALXXXXXXX.END) of size 16 bytes from 'libadi_graphics2d.dlb[gfx_blnd_ovly.doj](adi_fast_prio0_code)'
Eliminated object (xAAAMXXXXXX, xAAAMXXXXXX.END) of size 26 bytes from 'libadi_graphics2d.dlb[gfx_blnd_ovly.doj](adi_fast_prio0_code)'
Eliminated object (0x272,0x278) of size 6 bytes from 'libadi_graphics2d.dlb[gfx_blnd_ovly.doj](adi_fast_prio0_code)'
Eliminated object (0x372,0x378) of size 6 bytes from 'libadi_graphics2d.dlb[gfx_blnd_ovly.doj](adi_fast_prio0_code)'
Eliminated object (xAAFNXXXXXXXX, .xAAFNXXXXXXXX.end) of size 92 bytes from 'libadi_graphics2d.dlb[dirty_sync.doj](adi_slow_prio0_code)'
Eliminated object (0xc2,0xc4) of size 2 bytes from 'libadi_graphics2d.dlb[gfxeng_bitblt.doj](adi_fast_prio1_code)'
Eliminated object (xAABOXXXXXXXXXX, .xAABOXXXXXXXXXX.end) of size 160 bytes from 'libadi_graphics2d.dlb[gfxeng_bitblt.doj](adi_fast_prio1_code)'
Eliminated object (xAABNXXXXXXXXX, .xAABNXXXXXXXXX.end) of size 304 bytes from 'libadi_graphics2d.dlb[gfxeng_bitblt.doj](adi_fast_prio1_code)'
Eliminated object (0x132,0x134) of size 2 bytes from 'libadi_graphics2d.dlb[gfxeng_alphabitblt.doj](adi_fast_prio1_code)'
Eliminated object (xAAATXXXXXXXXXXXXXX, .xAAATXXXXXXXXXXXXXX.end) of size 286 bytes from 'libadi_graphics2d.dlb[gfxeng_alphabitblt.doj](adi_fast_prio1_code)'
Eliminated object (xAADKXXXXXXXX, .xAADKXXXXXXXX.end) of size 158 bytes from 'libadi_graphics2d.dlb[gfxeng_line.doj](adi_fast_prio1_code)'
Eliminated object (0x9e,0xa0) of size 2 bytes from 'libadi_graphics2d.dlb[gfxeng_line.doj](adi_fast_prio1_code)'
Eliminated object (xAAGWXXXXXXXXXX, .xAAGWXXXXXXXXXX.end) of size 162 bytes from 'libadi_graphics2d.dlb[gfxeng_putchar.doj](adi_fast_prio1_code)'
Eliminated object (0xa2,0xa4) of size 2 bytes from 'libadi_graphics2d.dlb[gfxeng_putchar.doj](adi_fast_prio1_code)'
Eliminated object (xAAGXXXXXXXXXXXXXXX, .xAAGXXXXXXXXXXXXXXX.end) of size 170 bytes from 'libadi_graphics2d.dlb[gfxeng_putchar.doj](adi_fast_prio1_code)'
Eliminated object (0x14e,0x150) of size 2 bytes from 'libadi_graphics2d.dlb[gfxeng_putchar.doj](adi_fast_prio1_code)'
Eliminated object (xAAGTXXXXXXXXXXXXX, .xAAGTXXXXXXXXXXXXX.end) of size 322 bytes from 'libadi_graphics2d.dlb[gfxeng_putchar.doj](adi_fast_prio1_code)'
Eliminated object (0x292,0x294) of size 2 bytes from 'libadi_graphics2d.dlb[gfxeng_putchar.doj](adi_fast_prio1_code)'
Eliminated object (xAAGYXXXXXXXXXX, .xAAGYXXXXXXXXXX.end) of size 222 bytes from 'libadi_graphics2d.dlb[gfxeng_putchar.doj](adi_fast_prio1_code)'
Eliminated object (0x4ba,0x4bc) of size 2 bytes from 'libadi_graphics2d.dlb[gfxeng_putchar.doj](adi_fast_prio1_code)'
Eliminated object (xAAGZXXXXXXXXXXXXXX, .xAAGZXXXXXXXXXXXXXX.end) of size 234 bytes from 'libadi_graphics2d.dlb[gfxeng_putchar.doj](adi_fast_prio1_code)'
Eliminated object (0x5a6,0x5a8) of size 2 bytes from 'libadi_graphics2d.dlb[gfxeng_putchar.doj](adi_fast_prio1_code)'
Eliminated object (xAAGUXXXXXXXXXXXXX, .xAAGUXXXXXXXXXXXXX.end) of size 318 bytes from 'libadi_graphics2d.dlb[gfxeng_putchar.doj](adi_fast_prio1_code)'
Eliminated object (0x6e6,0x6e8) of size 2 bytes from 'libadi_graphics2d.dlb[gfxeng_putchar.doj](adi_fast_prio1_code)'
Eliminated object (xAAGVXXXXXXXXXXXXXXXXX, .xAAGVXXXXXXXXXXXXXXXXX.end) of size 234 bytes from 'libadi_graphics2d.dlb[gfxeng_putchar.doj](adi_fast_prio1_code)'
Eliminated object (_adi_osal_SchedulerUnlock, ._adi_osal_SchedulerUnlock.end) of size 4 bytes from 'libosal_noos.dlb[adi_osal_noos_critical.doj](program)'
Eliminated object (_adi_osal_SchedulerLock, ._adi_osal_SchedulerLock.end) of size 2 bytes from 'libosal_noos.dlb[adi_osal_noos_critical.doj](program)'
Eliminated object (__sqrt_fr16, __sqrt_fr16.end) of size 126 bytes from 'libadi_image_tool_box_cces.dlb[math_approximations.doj](adi_fast_prio0_code)'
Eliminated object (0x7e,0x80) of size 2 bytes from 'libadi_image_tool_box_cces.dlb[math_approximations.doj](adi_fast_prio0_code)'
Eliminated object (_adi_SqrRootFixed, _adi_SqrRootFixed.end) of size 90 bytes from 'libadi_image_tool_box_cces.dlb[math_approximations.doj](adi_fast_prio0_code)'
Eliminated object (_adi_rtl_deactivate_dispatched_handler, ._adi_rtl_deactivate_dispatched_handler.end) of size 140 bytes from 'libevent.dlb[dispatched_handler_deactivate.doj](program)'
Eliminated object (xAADZXXXXXXXXXXXXX, .xAADZXXXXXXXXXXXXX.end) of size 30 bytes from 'libadi_graphics2d.dlb[gfxeng_palette.doj](adi_fast_prio1_code)'
Eliminated object (.VAAAAXXXXXXXXXXXXXXXXXXXXXXX, .VAAAAXXXXXXXXXXXXXXXXXXXXXXX.end) of size 4 bytes from 'libadi_image_tool_box_cces.dlb[image_tool_box_globals.doj](adi_fastb0_prio0_temp)'
Eliminated object (VAAAMXXXXXXXXX, .VAAAMXXXXXXXXX.end) of size 48 bytes from 'libadi_image_tool_box_cces.dlb[image_tool_box_globals.doj](adi_fastb0_prio0_temp)'
Eliminated object (VAAALXXXXXXXXXXXXXXXXXXXX, .VAAALXXXXXXXXXXXXXXXXXXXX.end) of size 32 bytes from 'libadi_image_tool_box_cces.dlb[image_tool_box_globals.doj](adi_fastb0_prio0_temp)'
Eliminated object (.VAAABXXXXXXXXXXXXXXXXXXXX, .VAAABXXXXXXXXXXXXXXXXXXXX.end) of size 102 bytes from 'libadi_image_tool_box_cces.dlb[image_tool_box_globals.doj](adi_fastb1_prio0_r)'
Eliminated object (0x66,0x68) of size 2 bytes from 'libadi_image_tool_box_cces.dlb[image_tool_box_globals.doj](adi_fastb1_prio0_r)'
Eliminated object (VAAAPXXXXXXXXXXXXXXXXX, .VAAAPXXXXXXXXXXXXXXXXX.end) of size 512 bytes from 'libadi_image_tool_box_cces.dlb[image_tool_box_globals.doj](adi_fastb1_prio0_r)'
Eliminated object (VAAAXXX, .VAAAXXX.end) of size 36 bytes from 'libadi_image_tool_box_cces.dlb[image_tool_box_globals.doj](adi_fastb1_prio0_r)'
Eliminated object (VAAASXXXXXXXXXXXXX, .VAAASXXXXXXXXXXXXX.end) of size 18 bytes from 'libadi_image_tool_box_cces.dlb[image_tool_box_globals.doj](adi_fastb1_prio0_r)'
Eliminated object (0x29e,0x2a0) of size 2 bytes from 'libadi_image_tool_box_cces.dlb[image_tool_box_globals.doj](adi_fastb1_prio0_r)'
Eliminated object (VAAATXXXXXXXXXXXXXXXXXXXXXX, .VAAATXXXXXXXXXXXXXXXXXXXXXX.end) of size 22 bytes from 'libadi_image_tool_box_cces.dlb[image_tool_box_globals.doj](adi_fastb1_prio0_r)'
Eliminated object (0x2b6,0x2b8) of size 2 bytes from 'libadi_image_tool_box_cces.dlb[image_tool_box_globals.doj](adi_fastb1_prio0_r)'
Eliminated object (VAAAJXXXXXXXXXXXXXX, .VAAAJXXXXXXXXXXXXXX.end) of size 48 bytes from 'libadi_image_tool_box_cces.dlb[image_tool_box_globals.doj](adi_fastb1_prio0_r)'
Eliminated object (VAAAGXXXXXXXXXXXXXXXXXX, .VAAAGXXXXXXXXXXXXXXXXXX.end) of size 24 bytes from 'libadi_image_tool_box_cces.dlb[image_tool_box_globals.doj](adi_fastb1_prio0_r)'
Eliminated object (VAAAHXXXXXXXXXXXXXXXXXX, .VAAAHXXXXXXXXXXXXXXXXXX.end) of size 36 bytes from 'libadi_image_tool_box_cces.dlb[image_tool_box_globals.doj](adi_fastb1_prio0_r)'
Eliminated object (VAAAIXXXXXXXXXXXXXXX, .VAAAIXXXXXXXXXXXXXXX.end) of size 48 bytes from 'libadi_image_tool_box_cces.dlb[image_tool_box_globals.doj](adi_fastb1_prio0_r)'
Eliminated object (VAAAFXXXXXXXXXXXXXXXXXXX, .VAAAFXXXXXXXXXXXXXXXXXXX.end) of size 24 bytes from 'libadi_image_tool_box_cces.dlb[image_tool_box_globals.doj](adi_fastb1_prio0_r)'
Eliminated object (VAAADXXXXXXXXXXXXXXX, .VAAADXXXXXXXXXXXXXXX.end) of size 20 bytes from 'libadi_image_tool_box_cces.dlb[image_tool_box_globals.doj](adi_fastb1_prio0_r)'
Eliminated object (VAAAEXXXXXXXXXXXXXXX, .VAAAEXXXXXXXXXXXXXXX.end) of size 20 bytes from 'libadi_image_tool_box_cces.dlb[image_tool_box_globals.doj](adi_fastb1_prio0_r)'
Eliminated object (VAAACXXXXXXXXXXXXXXXX, .VAAACXXXXXXXXXXXXXXXX.end) of size 16 bytes from 'libadi_image_tool_box_cces.dlb[image_tool_box_globals.doj](adi_fastb1_prio0_r)'
Eliminated object (VAAABXXXXXXX, .VAAABXXXXXXX.end) of size 20 bytes from 'libadi_image_tool_box_cces.dlb[image_tool_box_globals.doj](adi_fastb1_prio0_r)'
Eliminated object (.VAAACXXXXXXXXXXXXXXXXXXXXXXX, .VAAACXXXXXXXXXXXXXXXXXXXXXXX.end) of size 6 bytes from 'libadi_image_tool_box_cces.dlb[image_tool_box_globals.doj](adi_fastb1_prio0_temp)'
Eliminated object (.VAAADXXXXXXXXXXXXXXXXXXXX, .VAAADXXXXXXXXXXXXXXXXXXXX.end) of size 30 bytes from 'libadi_image_tool_box_cces.dlb[image_tool_box_globals.doj](adi_fastb1_prio2_r)'
Eliminated object (0x1e,0x20) of size 2 bytes from 'libadi_image_tool_box_cces.dlb[image_tool_box_globals.doj](adi_fastb1_prio2_r)'
Eliminated object (VAAAAXXXXXXXXXXXXXXX, .VAAAAXXXXXXXXXXXXXXX.end) of size 256 bytes from 'libadi_image_tool_box_cces.dlb[image_tool_box_globals.doj](adi_fastb1_prio2_r)'
Eliminated object (__heap_lookup, .__heap_lookup.end) of size 74 bytes from 'libc.dlb[heaplookup.doj](program)'
Eliminated object (__heap_space_unused, .__heap_space_unused.end) of size 106 bytes from 'libc.dlb[heapinfo.doj](program)'
Eliminated object (__space_unused, .__space_unused.end) of size 16 bytes from 'libc.dlb[heapinfo.doj](program)'
Eliminated object (__heap_peak_size, .__heap_peak_size.end) of size 66 bytes from 'libc.dlb[heapinfo.doj](program)'
Eliminated object (__peak_size, .__peak_size.end) of size 16 bytes from 'libc.dlb[heapinfo.doj](program)'
Eliminated object (0x3e,0x40) of size 2 bytes from 'libc.dlb[_Sbrk.doj](program)'
Eliminated object (__Sbrk, .__Sbrk.end) of size 20 bytes from 'libc.dlb[_Sbrk.doj](program)'
]]></EXTENDED_INFO>
</MSG>
<MSG id='04E2A968' mid='li2040' type='Warning' suppressed=''>
<TEXT><![CDATA[To map memory more efficiently, output section 'L1_data_a_bsz_prio2' in processor 'CORE_1' was mapped discontinuously.
 If it is critical that sections are mapped in memory in the order they appear in the LDF
 or if the contents of output sections must appear contiguously use FORCE_CONTIGUITY.
 See Help for more information.]]></TEXT>
</MSG>
</DOCUMENT>
