{"components":{"com.analog.crosscore.ssldd.pinmux.component":{"resourceList":[],"createDate":"1374056780417","componentId":"com.analog.crosscore.ssldd.pinmux.component"},"com.analog.sourcegen.component.startup_ldf":{"resourceList":[],"createDate":"1374056780429","componentId":"com.analog.sourcegen.component.startup_ldf"},"com.analog.crosscore.addins.ssldd.gpio":{"resourceList":[],"createDate":"1374057509807","componentId":"com.analog.crosscore.addins.ssldd.gpio"},"com.analog.crosscore.addins.ssldd.uart":{"resourceList":[],"createDate":"1374057688764","componentId":"com.analog.crosscore.addins.ssldd.uart"},"com.analog.crosscore.addins.ssldd.ssm2603":{"resourceList":[],"createDate":"1374058538725","componentId":"com.analog.crosscore.addins.ssldd.ssm2603"}}}