{"components":{"com.analog.crosscore.addins.mcapi":{"resourceList":[],"createDate":"1348657564564","componentId":"com.analog.crosscore.addins.mcapi"},"com.analog.crosscore.ssldd.pinmux.component":{"resourceList":[],"createDate":"1348657564564","componentId":"com.analog.crosscore.ssldd.pinmux.component"},"com.analog.swmodule.blackfin.VisionAnalyticsToolbox.lib":{"resourceList":[],"createDate":"1348657857162","componentId":"com.analog.swmodule.blackfin.VisionAnalyticsToolbox.lib"},"com.analog.sourcegen.component.startup_ldf":{"resourceList":[],"createDate":"1348657564579","componentId":"com.analog.sourcegen.component.startup_ldf"},"com.analog.crosscore.addins.video_encoder_ei3.adv7511":{"resourceList":[],"createDate":"1348727728647","componentId":"com.analog.crosscore.addins.video_encoder_ei3.adv7511"},"com.analog.crosscore.addins.camera_ei3.general":{"resourceList":[],"createDate":"1348727728662","componentId":"com.analog.crosscore.addins.camera_ei3.general"},"com.analog.crosscore.addins.camera_ei3.mt9m114":{"resourceList":[],"createDate":"1348727728693","componentId":"com.analog.crosscore.addins.camera_ei3.mt9m114"}}}